Cognitive,Motivation,Social,Resilience,Environment,IMP_Geometric,IMP_Additive,Differenz
5.0,2.9011346188733604,3.7877369965181007,3.106306355749864,1.3983136551773137,2.989188598979772,3.238698325263728,-0.24950972628395585
3.2691175245134803,4.042644196240739,3.352990712243708,5.0,4.6694150688878295,4.00822578673552,4.066833500377152,-0.05860771364163231
2.07187335902662,4.662552303683577,2.6952482110225997,1.423986726939547,2.8522211743789514,2.540124281634757,2.7411763550102584,-0.20105207337550146
3.4790455531641054,2.699081964293239,2.379613365305688,4.706056621887395,2.8063938574141134,3.1188728616147534,3.214038272412908,-0.09516541079815477
3.9887423760291183,2.5516819877477994,2.0034235170762575,5.0,2.899748394453251,3.119989444270199,3.2887192550612854,-0.16872981079108618
4.222907841317006,3.856658009163023,2.602160310642967,3.0719780373080643,5.0,3.6534988793043177,3.7507408396862116,-0.09724196038189392
3.960003185136488,3.809394608626823,3.3646048487609086,4.19007023584131,2.3949988445985344,3.4785835199286637,3.543814344592813,-0.06523082466414953
4.019094607482832,3.5760112079804744,2.7224081126325155,3.59015396404907,4.17111097500236,3.5774125801201357,3.61575577342945,-0.03834319330931413
2.559576501867251,3.1884713452400497,2.4775787033835566,4.1057228681728395,3.138142294056118,3.0420620703124306,3.0938983425439632,-0.05183627223153264
3.672983130605932,0.9972608331205328,3.358384804848932,5.0,4.302952979290974,3.0516797191743694,3.466316349573274,-0.4146366303989044
5.0,2.7030800735044327,3.250097421366693,2.6873068134355633,4.3807891749622785,3.4891446963588444,3.6042546966537934,-0.115110000294949
5.0,2.4974873835726905,4.361220906709828,4.69636833695192,3.8362818831140317,3.9659826592451712,4.078271702069694,-0.11228904282452268
4.314717391658399,4.674178897004864,3.9111392109285767,4.094593375052808,4.723942157345021,4.332067970272203,4.343714206397934,-0.011646236125730347
4.989583104453079,3.5747240696934233,2.93302096613926,4.230332579303648,4.265850716827009,3.935504592656869,3.998702287283284,-0.06319769462641522
2.359282342805405,3.442095460961497,3.8367944561295317,2.83082464676803,3.392333153981161,3.127494577515677,3.1722660121291253,-0.044771434613448235
1.2394321273205544,3.1419674153219117,2.8894639828274036,4.008424696106761,4.063298758274558,2.8354294068505363,3.0685173959702383,-0.23308798911970197
2.54024184692573,4.9336792652602,3.27488877334653,3.1093345576292197,2.4911467935928626,3.1656424524666735,3.2698582473509084,-0.10421579488423482
2.420998494799785,3.8438272108772633,2.6866339308308667,2.085236343011836,2.479725416303915,2.644266056293572,2.703284279164733,-0.0590182228711611
4.298876310426465,5.0,3.828648742342079,5.0,3.754031729130629,4.342778551615098,4.376311356379834,-0.033532804764736746
3.8638220983830163,3.635443639671008,3.149484115270966,3.305762166390775,2.1441884582270783,3.1569645406420257,3.2197400955885684,-0.06277555494654274
2.755690339343768,3.66462095731985,1.4848518987645352,4.992593592879834,4.4951985379449235,3.2018688661498094,3.478591065250582,-0.27672219910077267
4.954651737390329,2.6998565501160234,3.4126501768300175,2.6889910780101456,4.14600527068145,3.4780270969153295,3.5804309626055932,-0.10240386569026372
4.053560652704123,2.78320547818927,4.226973281445945,2.9034739265761176,2.7226367520848607,3.2753960156084445,3.337970018200063,-0.0625740025916186
4.427679812042754,2.978855879541345,3.225047849263655,3.6424797538480225,1.6148157910705374,3.017563369972587,3.1777758171532624,-0.16021244718067562
3.7969180533381284,4.548897605410122,3.4195786104005363,4.162461424054933,2.5340971457124346,3.621568396924716,3.6923905677832307,-0.07082217085851461
5.0,3.9060567431014253,5.0,3.6795107064350767,2.176043879781849,3.7898956749953756,3.95232226586367,-0.16242659086829425
2.5768566875186387,4.472520802909553,3.934180186532895,2.7990989908666704,4.481184422949519,3.556162446574991,3.6527682181554555,-0.09660577158046468
3.264339722495623,3.292008916391853,3.5907276618358868,5.0,3.022614001508812,3.5740308988584415,3.633938060446435,-0.059907161587993585
3.1458720353383023,4.77556666410579,2.5113602943401356,3.1179533905992813,2.5010767617512464,3.11698222485285,3.2103658292269515,-0.09338360437410165
3.473669491171781,5.0,2.779703666454444,4.911855744526649,4.839108946987819,4.0921693705903746,4.200867569828139,-0.10869819923776447
4.309516485455123,3.674135884107879,4.407654760944541,1.8314023854375892,2.8401095079798635,3.2507385266414546,3.412563804784999,-0.16182527814354453
2.223676296076518,2.7681137303730976,2.1822453763739498,5.0,2.076872994019979,2.6847744387175387,2.850181679368709,-0.16540724065117018
3.9152761127069073,1.9427808473244446,2.49809439519591,3.0792264654887673,4.845588660037088,3.0939738990177834,3.2561932961506237,-0.16221939713284028
3.03732987887272,5.0,3.3259598480357067,5.0,3.106129437621187,3.792396215583957,3.893883832905923,-0.1014876173219661
3.59829110448211,2.2963067504152797,4.232458319425456,3.354584677342607,3.4861391692382226,3.3292045032235507,3.393556004180735,-0.06435150095718445
3.3247290036754946,3.0853498211944324,4.937150650117098,4.109839116663519,3.0317512494223045,3.6308732298354993,3.697763968214569,-0.06689073837906978
3.9905181243536574,3.0212814056024913,2.7643165112024413,2.750295291216251,4.59982400835676,3.3495445224281832,3.4252470681463203,-0.07570254571813706
2.0175664243692992,3.9132922697576378,5.0,4.511690447701727,2.720727324877044,3.444077288058875,3.6326552933411413,-0.18857800528226631
3.761380786971924,3.6988410502606808,1.774667680178179,2.0258646261046938,5.0,3.0173249733147367,3.2521508287030954,-0.23482585538835865
2.354370846395719,1.6022518503641534,2.9025080328551627,4.352777175856895,2.6369128947131406,2.6293491556488537,2.769764160037014,-0.14041500438816046
3.251561096632783,2.882330561021583,3.892331049952319,3.919632354200948,3.0175402951092822,3.3650287386668416,3.392679071383383,-0.02765033271654138
3.4928758599659213,2.4692242142358847,1.7721468387746269,3.7431952995600466,3.042289432644398,2.8063205699531486,2.903946329036175,-0.09762575908302651
4.711938772839407,3.306348414907758,2.8771233837281907,3.808034408177208,4.257979062594103,3.7349279254872854,3.7922848084493337,-0.05735688296204833
4.862018179839231,3.430922033760397,3.55460705973394,2.63724540970615,3.5973503622867744,3.5483827709532463,3.6164286090652986,-0.06804583811205234
3.0003291417808815,3.0064929318994444,2.9927330876017297,3.9367011514884767,3.171706022413011,3.2029081853702652,3.2215924670367087,-0.018684281666443425
3.8251941589576086,3.1962666910583586,3.1873890302452095,4.669730568763042,4.829326116287037,3.8795556391948445,3.941581313062251,-0.06202567386740654
2.6495724869871076,3.5338233493537636,3.4920414044308554,3.5119817270583558,3.3518197333574316,3.2890205377928545,3.307847740237503,-0.018827202444648528
4.051579430740496,5.0,3.6394270293675746,2.2386735055128666,4.42076376056678,3.7378604990171964,3.870088745237544,-0.13222824622034768
4.391566722541307,2.42852178257299,4.40945123794926,2.9395110830529827,3.4372365033579646,3.430568614806755,3.5212574658949007,-0.09068885108814584
2.093468860143936,2.51285084658694,3.4934448708575867,2.8644685494132234,3.3776753145955682,2.818316827739116,2.868381688319451,-0.05006486058033488
3.5423881354840567,4.690653021875376,3.4072476681341284,3.501794270195721,2.7579903379945017,3.5282821279131866,3.5800146867367575,-0.05173255882357086
3.717901558740731,2.597689773508739,4.237746861675003,4.320629258175316,4.456384746096261,3.795858132956385,3.86607043963921,-0.07021230668282508
2.4948476119659357,3.7895190617928414,3.4079276330128563,4.741563975266214,4.021433338425798,3.611471520503536,3.6910583240927286,-0.07958680358919246
4.471359235533398,3.159643981402566,4.764152430553913,4.835177112963125,3.5053000437008963,4.087334579154826,4.147126560830779,-0.059791981675953565
2.7263674658855526,1.9674866324952542,4.8694264846457065,3.7300409165793167,3.007235943165942,3.114375819331627,3.2601114885543545,-0.14573566922272763
2.182553333974319,4.822133603276665,3.2440440623036486,3.3615875754355935,3.2825757204624395,3.274990211233416,3.3785788590905335,-0.10358864785711752
4.460914159042476,3.352122312056429,2.942265533885281,4.455146029314664,3.5721777693004393,3.707183802448118,3.7565251607198578,-0.04934135827173991
4.4358995503088074,4.232747731253298,3.292173060858259,3.9666476342264154,3.7560485730070887,3.9160507704783982,3.936703309930773,-0.020652539452374885
4.502542070669856,3.5442510987592026,2.1482065794941514,2.259857069971192,3.962739828574427,3.1435977357675915,3.2835193294937652,-0.13992159372617374
4.684940653179373,5.0,3.7829531827344036,3.129363098067938,3.900238060962249,4.043993301576217,4.099498998988793,-0.05550569741257583
3.611413414433476,3.591585156947409,4.020680991782172,5.0,3.762343924722795,3.965868390306442,3.9972046975771702,-0.03133630727072845
4.945450627880328,3.3729318471208343,3.699659273306771,4.487671794916097,5.0,4.248868121006034,4.3011427086448055,-0.05227458763877113
3.049961005915184,4.059773666568204,5.0,4.005412029984982,2.7857264793604615,3.697177971208826,3.7801746363657664,-0.08299666515694026
3.0920074321222324,4.194932263669492,2.8251077043969453,3.0241884655944506,2.899455122679185,3.1723795892888575,3.207138197692461,-0.034758608403603564
1.7474851148086181,3.302110482898215,4.679384531952486,3.878453074004166,2.6120459528410795,3.0718968944192637,3.243895831300913,-0.17199893688164947
2.5733622343515483,3.696756647325398,4.2772846402924545,2.5780077180425205,2.1252143704625777,2.948732517057271,3.0501251220949,-0.10139260503762904
2.458528292071642,4.491487880743404,5.0,3.2667066050598303,3.9516796667784817,3.7203642457738186,3.833680488930672,-0.11331624315685351
5.0,2.7954408008042475,5.0,3.6563332922526115,2.661054223489546,3.68551312240255,3.8225656633092813,-0.13705254090673114
2.6490698077175363,4.195754848997819,5.0,1.4518295171199331,3.0330909128811547,3.00424199344164,3.2659490173432886,-0.26170702390164857
4.322270292103714,3.6368777426758934,3.416540292277385,3.878907110722895,2.9315579300973056,3.6071732875362006,3.6372306735754387,-0.030057386039238132
2.971481574940312,1.6425388564350178,5.0,2.804175464549573,2.491285258237249,2.7947146291931872,2.9818962308324304,-0.18718160163924313
2.023462589023025,4.453264968503806,5.0,4.775997502044198,2.4798499050987735,3.511127831256015,3.7465149929339603,-0.2353871616779455
2.536653937945731,4.434515324629413,3.766277445945024,4.763814940917503,2.9315447689602023,3.584381450031007,3.6865612836795747,-0.10217983364856753
3.1711421601001644,3.3177005730258537,2.837835397125606,1.927950352519804,3.1035835935878646,2.820979166746628,2.8716424152718587,-0.05066324852523074
4.302113513853778,3.862317700467198,2.983470433514648,2.6498671644660075,5.0,3.6600678907302187,3.759553762460327,-0.09948587173010814
2.811804121275033,3.8184933114430453,3.1247272880647072,3.784495476914508,1.8381875698936974,2.9758936493140524,3.0755415535181982,-0.09964790420414582
3.4876594978357076,5.0,2.3153287044789534,5.0,3.321643361030899,3.675258991484839,3.824926312669112,-0.14966732118427295
3.7414635736301807,3.654798575432966,4.1710800958685335,0.29337753088663376,3.6975236378231746,2.2819086845880983,3.1116486827282976,-0.8297399981401994
4.001384580189263,4.141864294158416,2.6979889187711454,4.255426258778366,4.2297896498723775,3.8119011682874393,3.865290740353913,-0.05338957206647388
3.7730221259597094,3.56724300574074,4.055927365531623,2.6239893648762593,4.059342611981346,3.5719551637303733,3.6159048948179353,-0.04394973108756206
2.851172195676387,5.0,3.8052738397098134,4.663317013618613,3.58064035918012,3.90307594618715,3.9800806816369865,-0.07700473544983666
4.283862583474309,4.870641955206052,4.286223239676681,3.581006193548834,4.912266677606734,4.358697267759622,4.386800129902522,-0.02810286214289981
2.991449123350863,1.701983961735939,3.7611883052079804,4.981651694349061,3.3685749342799074,3.1724614003997136,3.36096960378475,-0.1885082033850365
3.25554070927368,4.492693417279731,4.099162037212246,3.2943547637875485,3.3789181146543514,3.6717627069863594,3.7041338084415116,-0.03237110145515221
3.3463330621220626,3.118017640466802,4.036320702325778,3.1632665512098757,3.09627302844753,3.334891334736813,3.3520421969144096,-0.017150862177596427
2.884933036346569,2.3891632392739774,3.3271632021479487,4.612902212258202,4.699539064694913,3.461760637839557,3.582740150944322,-0.12097951310476507
5.0,2.3615570772964993,2.4621847239492576,4.505276676199031,5.0,3.6579360693550385,3.8658036954889576,-0.20786762613391918
3.5738767466147787,5.0,4.385414918308037,5.0,3.153783131612529,4.153215049213625,4.2226149593070685,-0.06939991009344393
4.335828362144187,4.906893843197453,2.958558025745808,2.524204881836364,3.842459879438535,3.6069369924893873,3.7135889984724697,-0.10665200598308244
2.83364896942694,3.949758085507245,4.540149888859803,3.8692446269374194,4.681107874391971,3.9155458597444426,3.974781889024676,-0.05923602928023364
2.6938975764416533,4.745313557592588,3.0018318353869544,3.0184492942261154,3.3288046567195684,3.2901894820192377,3.3576593840733766,-0.06746990205413894
2.996209781620273,2.179569163170058,3.391008702596397,4.921664753996185,3.6662377515185343,3.313758737851264,3.430938030580289,-0.11717929272902472
2.6419245682461203,3.664310037663433,4.22797687934181,3.492897042189218,3.9861677444165466,3.5576016420949963,3.602655254371426,-0.04505361227642979
2.849257275739877,4.529378336482624,5.0,2.3405370303882505,4.782128546916255,3.73022824588777,3.900260237905401,-0.17003199201763097
2.9068475553015936,1.943779368635321,2.8822474513529404,4.257905253538505,4.490876464011841,3.152575659284947,3.29633121856804,-0.1437555592830928
2.5951564591040075,3.2433707541919343,1.1652929784933561,3.491388988161089,1.2491568471213381,2.119542340374331,2.3488732054143453,-0.22933086504001432
5.0,4.118196506508595,4.896486718636391,3.5932426727660256,3.3431556384923478,4.136575534423779,4.190216307280672,-0.053640772856893726
4.257930364974546,2.1907577175203645,2.8570323426525905,4.545369167915897,2.0783584552695675,3.0213395463182526,3.185889609666593,-0.16455006334834055
3.634009923049429,3.315483112846241,1.448328150421295,4.100872221116867,4.230535269802602,3.1348321468154086,3.345845735447287,-0.21101358863187825
3.387967155402793,3.7544288279108193,4.748615139608095,3.571797004068013,3.449455270449202,3.752644854693823,3.782452679487785,-0.029807824793961935
3.171655937952618,3.699775838112247,4.8421692612544,4.416998972286561,3.039597332245186,3.7712815808420865,3.8340394683702024,-0.06275788752811584
5.0,3.490915020152224,3.481747304953338,3.3365336729920316,2.0481872332507445,3.3394453393759833,3.471476646269667,-0.1320313068936838
2.7909081446804676,5.0,4.920695872394835,2.3278563897799707,2.5010072646504353,3.3140773592509603,3.5080935343011417,-0.19401617505018143
3.5602219982495042,4.629546909607591,3.2398192645055723,4.503656448710023,5.0,4.1306112355415925,4.186648924214538,-0.05603768867294523
2.9057522537112908,3.6277629933609816,3.97159134420498,3.538820595075425,2.1677246430900174,3.172085912463215,3.242330365888539,-0.07024445342532415
5.0,3.6949143334226995,2.6947657175940334,3.791106079787453,3.918463970000551,3.7479642287590202,3.8198500201609478,-0.07188579140192752
3.019035524378668,3.5251356965530634,3.798954915937842,2.5701135981107166,3.9025378018195154,3.3235447295149747,3.3631555073599615,-0.03961077784498679
3.9187776009778763,5.0,3.300614045833722,3.68943505740887,2.76216922288906,3.6625629968412623,3.734199185421906,-0.0716361885806438
3.217533188056601,4.317273684727464,1.9293841625311485,5.0,3.8380478796976774,3.48534957425549,3.660447783002578,-0.1750982087470878
5.0,3.003089328192851,1.9673768710057904,4.1738906472860675,3.4046531224450636,3.3466319340853237,3.509801993785955,-0.16317005970063114
2.205062151569535,2.4391665299172125,3.944981798128077,3.7996251891195496,4.345540451570138,3.2277386984660215,3.346875224060902,-0.11913652559488064
2.996976653013906,3.1089591290865983,2.9550301748046963,3.7853080284533522,2.8541526970254454,3.123832539912645,3.1400853364767998,-0.016252796564154792
3.6991848596986854,3.2196322602105623,3.816317033804559,2.4843935486648014,4.385150369224225,3.459014055843103,3.5209356143205666,-0.06192155847746372
3.700354584551608,1.6941836128710455,3.752168469791876,3.826689932386901,2.3329125578951357,2.9136781464826127,3.061261831499313,-0.14758368501670027
4.496244112795295,2.853351074506156,2.804247833113015,3.709462428197043,4.114688635896121,3.531294092018837,3.595598816901526,-0.0643047248826889
1.2200583141973098,3.2044471620865127,3.6640072205672793,3.3910770502305194,5.0,2.9997118402825884,3.2959179494163244,-0.296206109133736
4.212999352582123,4.90742396170282,2.4789256801049473,3.582675242604605,4.033647573238254,3.749063308809481,3.8431343620465497,-0.09407105323706855
4.172514379133735,3.851177620561081,3.3447371165629325,3.737889388978847,2.640810061251892,3.507061635055187,3.5494257132976967,-0.04236407824250987
2.963139616495682,2.7003734433947426,5.0,4.509577190957491,3.4806655049655606,3.6273445716843584,3.7307511511626954,-0.10340657947833698
4.151358725518866,3.816487069887741,2.5742890216467327,5.0,2.4502006293752583,3.465266203000965,3.5984670892857196,-0.13320088628475446
5.0,1.4151248575527755,3.1031140319380546,5.0,3.839077462353451,3.349283236132647,3.6714632703688563,-0.32218003423620933
3.7402301315169013,4.945931779185765,3.1538708807713935,3.773766270809023,3.1702480400084854,3.7048593001906736,3.756809420458313,-0.051950120267639566
3.740889479922353,3.4101015791001035,0.464702162556494,3.9819686896763615,2.673990947259577,2.291051924135872,2.854330571702978,-0.5632786475671057
4.214991367182254,5.0,3.3177710870998434,5.0,4.151939839191024,4.2891065356635,4.336940458694624,-0.047833923031124215
2.7200184105987173,2.849255771393149,3.4539558786097655,4.710701431114535,4.3844733053412455,3.5361006250561458,3.6236809594114825,-0.08758033435533674
3.576215382976213,4.69557724108642,2.494343419976066,4.9135703531442285,3.9547830074072574,3.8204783958132014,3.9268978809180366,-0.10641948510483523
1.756760171380334,5.0,3.2790116688032374,5.0,2.968686863692264,3.3588605041551456,3.600891740775167,-0.24203123662002124
2.6378913976528087,5.0,4.890635808072503,2.554546176733935,5.0,3.8297921111709843,4.01661467649185,-0.1868225653208655
1.6580416967185074,2.9579617741126945,4.766160348355532,2.8713220492303013,1.8264646423652493,2.616314607487052,2.8159901021564564,-0.1996754946694046
4.814310990618341,2.7287217740611283,3.499246521065399,3.569106418841587,4.326253983901456,3.7173023761118875,3.7875279376975826,-0.07022556158569504
3.4936288728248965,3.6443687896583317,4.8157907202289145,4.675643508432886,3.378535892471144,3.955736222382356,4.001593556723234,-0.04585733434087835
1.4334396908895597,2.6776482191618243,3.921664896188582,1.7914269115013635,3.8945030012748734,2.536593718726886,2.7437365438032404,-0.2071428250763545
3.2518318917850584,4.459045107099659,4.01929026423438,3.5995900951225837,3.0599295347121935,3.6433153139726167,3.6779373785907743,-0.034622064618157644
3.3974757036139236,3.5787622211202725,3.8524474899426453,2.17492582694889,2.916518178488216,3.123108080261914,3.1840258840227893,-0.06091780376087508
3.779853048494914,3.474185969969881,4.917010065092311,2.4681906370802738,3.928221867034819,3.6251063909656835,3.7134923175344396,-0.0883859265687561
5.0,3.843683747031819,4.916155152364945,4.9149528084938465,2.1064867519463335,3.963549289638669,4.156255691967389,-0.19270640232871994
5.0,4.0375929148242955,3.2795844030108543,4.627952001216768,2.0790714126595073,3.6377589663770116,3.804840146342285,-0.16708117996527339
3.703096028877509,3.484662319671124,3.519846551963945,2.6056322540270997,3.320847791831903,3.3028001777509126,3.326816989274316,-0.02401681152340318
4.14916878029852,5.0,3.7816080635730565,3.0705454314696627,2.977713531046608,3.7251281062278485,3.795807161277569,-0.0706790550497205
4.219525082082211,4.992809710731451,5.0,2.1650327594989176,3.739114229741904,3.8562249419683843,4.0232963564108974,-0.16707141444251317
2.9673430453907694,3.1484420967321354,1.6656924650654807,4.3285482917798666,5.0,3.20238919647447,3.4220051797936506,-0.21961598331918042
4.03603229935991,2.3072043559233664,3.4668120063155645,5.0,3.720459252595473,3.5950713075913767,3.706101582838863,-0.1110302752474861
2.597799911786311,3.5626590693315565,3.621959030063904,2.435323503651083,5.0,3.3278981938540735,3.443548302966571,-0.11565010911249773
3.390255809548521,3.055452516581209,2.534774861507991,3.0379145093334325,4.279946607503453,3.211088385283851,3.2596688608949207,-0.048580475611069485
5.0,3.7456001238882717,3.197395361371422,3.9143283274260945,4.149137912766696,3.9589550918052336,4.001292345090496,-0.04233725328526239
2.6437086482207346,3.5040701440566893,1.8659640736887846,2.987619237178978,5.0,3.036665689187169,3.2002724206290365,-0.16360673144186766
4.2932884092681975,4.099521247588763,2.4698274579256054,5.0,3.8872135614927283,3.849103996134666,3.9499701352550587,-0.10086613912039288
5.0,3.4043565768645077,5.0,3.705959437257125,2.46979019163544,3.787103329574619,3.9160212411514146,-0.12891791157679577
3.485490945498316,3.0294019397360503,2.811654844101296,4.1130202774476725,1.9772679045918267,2.9961382313266363,3.0833671822750324,-0.08722895094839611
4.282736025308583,3.0639656317439607,3.515122540211993,3.5508934177067366,2.4237658568672593,3.309442144555892,3.367296694367707,-0.05785454981181504
2.543302568359673,3.5519719908127656,3.127225005202136,3.0463702221958657,3.874362524021976,3.1959643469026164,3.2286464621184834,-0.03268211521586695
4.457578637683843,4.811580362617726,2.4245113125015836,3.595140903460286,3.5539259329610395,3.668487572218368,3.768547429844896,-0.10005985762652791
4.17824767831533,4.272224548429784,3.8229737844492315,3.5552848316509817,4.535845129804958,4.058041068171388,4.072915194530057,-0.014874126358669137
1.7542816471441047,4.038068704472641,4.270739977934924,4.351261605609852,3.665770934141276,3.441211253260732,3.6160245738605594,-0.17481332059982746
4.043794188627994,4.6876892332341376,2.4280390170933126,3.1368981243905467,3.8207699735434275,3.5345242438566915,3.6234381073778836,-0.08891386352119213
3.6036127898808097,3.117951403094759,2.925730654760125,3.4820503237466243,3.643670084038606,3.3422826830058017,3.354603051104185,-0.012320368098383216
2.553360719041674,2.6879153186071387,4.410869320186012,3.4731009239798274,3.68492055063775,3.2933621940210602,3.3620333664904805,-0.06867117246942023
2.210138909684282,3.6027238644066926,1.6638789486026258,2.795381375336858,3.2676856702953656,2.6095806471541256,2.7079617536651646,-0.09838110651103893
1.8247624261195359,4.100004638344483,3.891618276238375,1.7101490960686296,4.93748808592558,3.0069914247432354,3.2928045045393204,-0.28581307979608495
5.0,3.357556412436944,2.6618295365541815,3.4764363165438943,3.5372935280663307,3.5317974447238916,3.60662315872027,-0.0748257139963786
2.0713865247789895,4.142527190317638,5.0,2.997563846257343,3.2630380874824256,3.3463966804646073,3.494903129767279,-0.14850644930267176
3.4379354041239165,3.1633010616151043,1.9132076713660242,3.4634538403759767,3.2948264757356314,2.98612828228603,3.0545448906433306,-0.06841660835730057
3.7818215594640043,3.3320273516480414,3.2810444765597433,3.0666869852165117,2.323098110363457,3.1176814722614306,3.1569356966503515,-0.0392542243889209
2.583321787453089,3.823359718335911,3.5723246979710575,2.5763011295711813,3.7370425332008996,3.207892835455662,3.2584699733064277,-0.05057713785076556
2.5798207511528775,3.03408207681845,5.0,1.6489269205115773,4.4199331276784175,3.097710255886395,3.336552575232264,-0.23884231934586886
5.0,4.4144091364379126,4.892428065814897,4.194656874393244,2.2949822416729457,4.012070548920212,4.1592952636638,-0.14722471474358834
3.1684931635442504,3.104289252022614,5.0,5.0,2.7574364656468546,3.6834272423635963,3.806043776242744,-0.12261653387914784
2.51476884807969,2.852865876209057,3.709374292761346,3.665227447351205,3.6581854286087654,3.2395847502630315,3.2800843786020124,-0.04049962833898091
4.01069654156197,4.324943556305457,3.1459389871325394,4.877773583393816,3.8546789217978974,4.001585289891088,4.042806318038336,-0.041221028147247374
4.586093647098594,5.0,2.4025392649707427,3.3904289556334217,2.742365001700161,3.4825123454934683,3.6242853738805834,-0.14177302838711503
2.9919173536467003,3.270855719390513,1.7995699921049888,2.550415855178411,4.433927359629551,2.882941695067622,3.009337255990032,-0.12639556092241033
2.686264536954608,4.767638622567551,5.0,3.826452434408126,4.025714637042647,3.970199073067566,4.0612140461945865,-0.09101497312702067
3.4793393261619046,2.8327100482612395,4.14870193763352,2.063955960608604,2.906603921945446,3.0056574618776923,3.086262238922143,-0.08060477704445068
4.17611535163761,4.089698592012967,1.449868856512691,4.3376385187080935,1.8115290040659702,2.8695793049579743,3.1729700645874663,-0.303390759629492
3.2377291319507564,4.723520350209048,3.4514433557897584,3.8045680980372234,2.717505041814515,3.526927682990022,3.5869531955602603,-0.06002551257023825
1.8817558768682345,3.7918049174743005,3.7576102879276507,2.1549529231155193,1.7827264623490262,2.5267873859507404,2.6737700935469464,-0.14698270759620602
1.4156982034995438,3.474387133639126,2.933361945561055,2.4597926122285845,2.894833277419702,2.5254996831661245,2.635614634469602,-0.11011495130347759
4.302920740771508,3.338769348402389,2.6835036741194744,2.4686902483029143,4.408848584552297,3.3463298604118044,3.4405465192297173,-0.09421665881791297
3.007007122856564,3.1531425607062387,2.6502125851717793,3.5807073890737504,4.909049266862164,3.3808429712356305,3.4600237849341,-0.07918081369846952
4.228522743978787,2.584267302417412,2.7122157913096845,5.0,4.9690108486530065,3.7447088631761116,3.898803337271778,-0.15409447409566646
3.4785177209327762,3.159583439694409,4.711732588457317,1.9711209718855187,2.4210885323655513,3.010133288491313,3.1484086506671147,-0.13827536217580194
2.9559784668858877,2.3191444935356786,3.2639679429583834,2.061176535278106,4.1052057723563555,2.8539411660112917,2.941094642202882,-0.08715347619159042
4.823630296418261,3.1995295825483367,2.04532713112403,2.9581916237313566,3.427059776330624,3.169816934253709,3.2907476820305215,-0.12093074777681245
4.083994711389437,3.309109889310495,3.832542051004238,2.8528163906523054,2.8094966436578193,3.339159202347302,3.377591937202859,-0.038432734855557094
3.7089620188607846,2.03806174568325,1.951900795145298,2.637772425900659,4.76644009764059,2.8423122417193443,3.0206274166461164,-0.17831517492677218
3.161689878219642,3.710491759206914,2.218544512257214,3.1868647159445738,3.796929331831813,3.1596793058611863,3.214904039492031,-0.0552247336308449
3.0488254778949875,2.949543614594218,3.51835169300335,3.030014299116086,2.6261839404920666,3.0213378486128266,3.0345838050201417,-0.013245956407315074
4.701939736134968,3.6302413570789267,2.9314590015762994,5.0,2.8838807106859874,3.7294838940709547,3.829504161095236,-0.10002026702428113
3.376632012715786,3.9749254339582993,4.875417984515091,3.5689878230857834,4.146860828693381,3.9556496580440386,3.9885648165936685,-0.0329151585496299
3.6337788683276275,3.397638580858456,3.2143133702458493,3.1747639284981326,2.575073827953732,3.1785203939366906,3.1991137151767592,-0.02059332124006863
1.692483450849905,4.914228411422794,2.623999623178418,3.346890720385938,4.316482544099587,3.160406976354429,3.3788169499873284,-0.2184099736328995
3.869780511534212,5.0,3.601708425083167,2.3287752466527794,2.328007147867023,3.2768408948640206,3.4256542662274363,-0.14881337136341566
5.0,3.6542895339953705,3.1257238365970856,3.7454746166492296,3.1657599466466264,3.68249088269983,3.7382495867776626,-0.055758704077832455
4.851374412471272,4.678911727978203,3.7474257834093065,3.313510547013706,3.601344094651218,3.9929983644995026,4.038513313104741,-0.045514948605238637
4.5047127118205665,2.9645239004127393,3.632267923151655,4.6068351686251585,1.100315680112446,3.0070730692945467,3.361731076824513,-0.35465800752996657
2.961789207329645,2.446915391335475,4.200998267918804,1.9910046911083994,5.0,3.1355488976159114,3.320141511538465,-0.18459261392255355
3.154964119443755,2.8305693401203538,3.2110675478987174,2.229795751592554,3.3137368722104816,2.91890629810129,2.9480267262531727,-0.02912042815188265
4.196724440672503,5.0,3.2456904288374826,1.1085933452509966,3.0722730375208918,2.9722403520738556,3.324656250456375,-0.3524158983825192
3.210073888980648,2.5549348700058734,3.7056174762799725,2.3830998229638807,2.545865117776075,2.838877251425621,2.87991823520129,-0.041040983775669115
4.285572982354619,3.2397475761981975,3.3468813824274464,2.0382830854517655,2.052173153774868,2.8689817024354567,2.992531636041379,-0.12354993360592248
3.14227042687106,2.8261510891332313,4.909161343546975,2.5370222366503876,3.4994946861702676,3.292722796367395,3.382819956474384,-0.0900971601069891
3.7742956318116123,3.3430382857843353,5.0,3.0574556181397776,2.707176263995235,3.495946620999148,3.5763931599461927,-0.08044653894704457
3.3332061179443624,2.904567012242783,2.586024731672724,4.227630858904701,3.64401143904802,3.290414476082241,3.3390880319625182,-0.04867355588027733
4.422131753401877,3.2141262707113722,4.428666286804407,3.258055561121746,2.9838028931952962,3.608604090679573,3.6613565530469403,-0.052752462367367414
2.69288617078131,3.678651255622318,4.8325174216177365,5.0,2.5379835480605104,3.6033609670352584,3.748407679216375,-0.14504671218111653
2.539800791799111,3.739780889211172,4.563946359597367,3.011687407922696,3.740433019200543,3.449400514420378,3.5191296935461778,-0.06972917912579968
3.7358975567166084,3.0858216196887653,3.570912484504319,3.951394388654847,4.734901839724111,3.7785160241091473,3.81578557785773,-0.03726955374858276
3.735918549456322,3.2007387934484175,2.6318413066657507,3.6405152093555317,4.02235534396299,3.4096525293123245,3.4462738405778017,-0.036621311265477186
2.650734248623925,3.260346926930588,3.7696131547695306,4.219626151377796,1.2036443694388685,2.7780482887811027,3.020792970228142,-0.2427446814470393
1.6067670333220982,3.6577270528934536,3.2727223651201887,3.270945837534592,5.0,3.158954318976881,3.361632457774067,-0.20267813879718588
2.525964208111799,3.7805710267629835,2.445847344627386,5.0,2.960909476909052,3.2193027101621357,3.342658411282244,-0.1233557011201083
2.2815422581005826,3.9131748637178196,2.969881713063518,5.0,4.207808881779396,3.5424569973365823,3.674481543332263,-0.1320245459956806
3.3688783761639725,2.3102833704879915,4.346684095130481,4.407087438656195,2.3117364231514035,3.217212363930307,3.348933940718008,-0.1317215767877009
3.2752866283085194,2.3614538037216684,2.942967988576866,2.998877824400644,4.0327998949536665,3.075784825937096,3.122277227992273,-0.04649240205517691
3.6835923286686434,3.264821493608221,3.982083117452195,2.7440143749077053,3.5035606041690373,3.4090036606813823,3.4356143837611604,-0.026610723079778076
2.4600424863422425,4.781029872946447,2.19284380478455,1.8170533917148939,4.923418472612957,2.969075494532064,3.234877605680218,-0.2658021111481541
4.346404177620121,4.058668712240877,2.8885749148103463,3.573513011818444,4.248407707569522,3.781845484780201,3.8231137048118624,-0.04126822003166142
1.71188196332315,5.0,4.100772941464144,0.8578201822155194,4.240085867827761,2.637643466466929,3.182112190966115,-0.5444687244991862
3.7708836460773227,2.267096751037119,4.008868966383242,3.1626480172909797,4.626592640371985,3.4677632049807277,3.56721800423213,-0.09945479925140255
4.471510772869098,2.9586766823683335,4.694333895489798,3.8491714477488896,4.283834949765367,4.000047517729118,4.051505549648297,-0.051458031919179525
1.7181765090471122,2.2870281345982475,3.0933050532935615,4.075695939919393,4.629397039795272,2.9654980879159614,3.160720535330717,-0.1952224474147557
3.122709069646518,2.493182536826265,2.9068559537885594,4.327051685038413,4.661688785745882,3.4032111411222563,3.5022976062091273,-0.09908646508687102
4.94951002056241,5.0,4.101054443676566,2.8504253869593383,3.062977153583687,3.8859413034504864,3.9927934009564003,-0.10685209750591396
4.40850127802193,5.0,2.5662390923865845,2.8830640247986477,2.8194317843104537,3.4081193419387397,3.5354472359035234,-0.12732789396478372
4.212690318945831,4.339024745071063,4.178708911714345,3.4145046613111956,3.8137628978191405,3.9768117749643226,3.9917383069723145,-0.014926532007991877
2.031495690880414,3.2831463234691167,3.6974780284702655,2.2438327757482206,3.7647404365016532,2.9090250062202028,3.004138651013934,-0.0951136447937313
3.218437075057289,5.0,2.28046789995219,2.610353707491177,5.0,3.436067373071934,3.6218517365001306,-0.18578436342819638
2.8168293260467503,4.5956421968184,3.282823313780337,4.1641489106464045,2.880513528561532,3.4791254145872887,3.547991455170685,-0.06886604058339607
4.4046737375625655,3.6055887619814855,3.8201769608432525,3.67240087295371,3.764246724096764,3.843441862205319,3.8534174114875555,-0.009975549282236429
2.2872057210774654,2.530403688524065,4.486818708720585,1.6646146066133483,4.36312996887334,2.8517344543842786,3.0664345387617606,-0.214700084377482
2.430803460812359,2.8053948062183003,2.662799785095756,1.528180290974794,3.9120918696073064,2.553484332119286,2.667854042541703,-0.11436971042241728
3.123321024355489,2.5075980454472906,5.0,4.6666317395328445,3.709603008958863,3.683283126362937,3.8014307636588973,-0.11814763729596045
2.027201160041038,1.9720093280428341,3.3127769197340973,3.7368337643631144,2.5659144477969615,2.6348068912200313,2.722947123995609,-0.08814023277557759
3.5968266406700833,2.4672816841907133,2.1364992489728833,4.89796537915759,5.0,3.414800530180587,3.619714590598254,-0.2049140604176669
3.7795513724263854,2.9871500233512247,1.887471393351701,3.5976657522705286,2.245835734885822,2.8002402456243756,2.8995348552571327,-0.09929460963275716
3.517796254302417,3.9614255269918517,3.7874386856768663,4.625358052625913,3.850953038382332,3.932206110632946,3.948594311595876,-0.016388200962930366
4.965669989899524,3.4885843742120355,3.799759380528875,1.7540049048740054,2.1304374215715898,3.0072986077979103,3.227691214217206,-0.2203926064192956
3.2838443708486125,4.607650086902094,4.162903513740483,3.0798162617344156,2.489137074695929,3.4416476403581795,3.524670261584307,-0.08302262122612758
2.402120725395447,4.514968374213577,5.0,2.5971831541831225,2.883433196462236,3.3245005085852934,3.4795410900508763,-0.15504058146558286
5.0,3.3486530248670756,3.7138826834366663,4.091221973122453,3.779309828249041,3.9499061330790073,3.9866135019350466,-0.03670736885603931
3.6603249475090247,4.36112982592629,3.3565929347417844,3.059455622196464,4.796080742251669,3.794107182631267,3.8467168145250463,-0.05260963189377943
4.33463547342405,3.447459280953402,3.8403834514616264,2.2799830487660007,3.2766906050493283,3.3607690879873693,3.4358303719308814,-0.07506128394351208
4.65434656989778,1.6737984743757117,5.0,4.827297129011526,3.7280013278040722,3.708022801062127,3.976688700217818,-0.26866589915569117
3.1454557596553094,2.385789039490798,2.723281074985022,3.835875899659257,2.3103532612549937,2.828721590978331,2.880151007009076,-0.051429416030745134
3.9565781243872475,3.370888247094474,3.2369467503832454,4.218708506703025,2.409717101091113,3.3765178251351204,3.4385677459318202,-0.0620499207966998
1.4296102442380834,4.005235861360198,2.294552316813422,3.875600898110485,3.9978081998442834,2.8956158341653007,3.1205615040732946,-0.22494566990799392
3.1125478149657635,2.496857192845211,3.0719575880119883,3.571058932631412,3.0207137011276037,3.0350531910656633,3.0546270459163956,-0.019573854850732264
4.516232377878588,3.475511974311423,2.6674447339809895,2.8882364130885807,3.521748704960686,3.356265590058134,3.4138348408440535,-0.05756925078591957
3.7030985823704152,3.322473777932235,3.8007687878304646,3.2814394542350853,5.0,3.7756048676965923,3.82155612047364,-0.04595125277704781
2.8870746340175604,3.6863797584746956,4.302995585366207,4.935462029468121,3.2840590934270018,3.750710571240896,3.8191942201507167,-0.06848364890982062
4.413400649973991,2.135502385616787,3.6344513213784286,3.1986059170904877,5.0,3.529625290063846,3.676392054811939,-0.1467667647480928
3.962383978334401,3.6751474892505294,4.241037367839146,3.937190807297563,2.2840426013629918,3.5393117559024385,3.6199604488169266,-0.08064869291448806
2.964647242351278,3.2631336968900317,1.7486178409745838,4.009838656261501,2.314068051059106,2.748914072306535,2.8600610975073004,-0.11114702520076536
3.453444518744833,3.7316672975870913,5.0,2.8322818315874945,4.786547103961223,3.874867366520309,3.9607881503761284,-0.08592078385581958
2.9480658825624046,4.2262465217905145,4.314916411231341,3.202710812343504,3.0586473675056975,3.5018884415198657,3.5501173990866923,-0.04822895756682666
3.169090387751169,3.8804965367352953,0.14812518477117198,2.2549766000462137,3.3285362507733742,1.6872103560713325,2.556244992015445,-0.8690346359441123
3.8861147877540794,3.790743828874025,4.086375061152014,3.1094101507436602,4.179477250279591,3.790318042537872,3.8104242157606736,-0.020106173222801615
3.73758593100219,3.7003610618500593,1.7469841182608816,2.7743622469538396,5.0,3.1992743432299804,3.3918586716133943,-0.19258432838341388
5.0,1.050540916135954,3.488423705598986,2.230947806888415,1.8377437712955842,2.3722328464933264,2.721531239983788,-0.34929839349046166
2.665212658691023,2.969672189741873,2.546846779396695,4.03465615841869,3.5462108470885347,3.104580005087057,3.1525197266673635,-0.04793972158030657
3.909712034063523,4.007382402124266,2.9582762339819384,5.0,2.1456086366156093,3.4618875672260208,3.6041958613570673,-0.1423082941310465
3.6631041082868423,4.039880227542671,3.3292401263145384,5.0,2.209209965007644,3.5249582207914116,3.648286885430339,-0.12332866463892733
3.1197009401221187,4.4772241255535015,2.360840258495564,4.662211967271216,2.858365862074897,3.3773778168532846,3.4956686307034595,-0.11829081385017481
4.43901564033637,4.534525689994311,3.4654362550278965,4.4314009604629945,4.249779780696468,4.2043298964476365,4.224031665303608,-0.019701768855971302
3.7873696334869194,2.8635687407521817,2.8374111244637397,4.029457112358559,2.70529787334778,3.199822149616164,3.244620896881836,-0.04479874726567212
3.7418916432756926,4.302787701149268,2.7401120956014173,4.121522748548057,3.8926639175780506,3.7152052627591754,3.7597956212304973,-0.04459035847132187
3.0863235419464115,3.3667384880082847,4.067827615356821,4.0441851805166085,4.740949709155334,3.817173951348862,3.8612049069966914,-0.04403095564782955
3.3650787037960863,3.0721101215840863,4.001443415794184,3.735353537384814,5.0,3.7808555084494513,3.834797155711834,-0.05394164726238282
3.4753903125086,3.554128130638292,4.345589250275083,3.6424625812273033,2.9078600116766036,3.5559102171918107,3.585086057265176,-0.02917584007336549
2.4437108999474715,3.8903697385539386,2.4592075801353803,2.3464686924842657,5.0,3.0735772453387558,3.227951382224211,-0.1543741368854552
3.0788965042093777,3.6171844450245816,3.2108927015955055,2.3981555658950686,2.7886281414162353,2.990418006809805,3.0187514716281534,-0.028333464818348197
2.1805015079423167,3.6202454045695664,4.975820596746056,3.231661865170336,4.2851596138123815,3.5246046225874714,3.6586777976481315,-0.13407317506066008
2.5851181788126563,2.0617391403222634,2.9061869145335293,2.8768569551512315,3.188817091555941,2.6947414802801397,2.7237436560751243,-0.02900217579498454
2.439097876867811,0.1,2.6639380622347475,3.5914273596074886,1.0567529222992684,1.197839910431071,1.9702432442018634,-0.7724033337707923
3.774519517620737,2.939098060837652,3.741918673887818,3.0274224252833775,0.6526613915227499,2.41427206028007,2.827124013830467,-0.41285195355039717
4.1999044239284276,2.4636982982577225,3.6274096316089293,3.8859747679149623,2.8020256046749146,3.328734228118019,3.395802545276991,-0.06706831715897188
2.5351985596577453,2.5873833321076614,4.367995941632325,4.023719342027845,3.184694928082199,3.258142685959752,3.3397984207015545,-0.08165573474180254
3.6587189843387513,1.6887739468434644,2.5708861706284756,3.6523391729751795,2.350033503918496,2.6725492398306843,2.7841503557408736,-0.11160111591018929
1.51403854947019,4.342974034579423,3.007399102258708,2.9997933303862383,2.952732407755274,2.8098693787295446,2.9633874848899664,-0.15351810616042183
4.161610849683651,2.725176105921707,3.1953683909075368,5.0,2.3928551039648327,3.368314819000122,3.4950020900955456,-0.12668727109542344
3.4334142361374913,3.485538015542743,3.7121034829487236,5.0,2.153372066506815,3.4351130655185087,3.5568855602271547,-0.12177249470864604
1.846891207701717,2.0438188688886463,2.846316009846656,2.852192795970372,3.4120497727982473,2.5343828087995077,2.6002537310411276,-0.06587092224161983
2.8666335616919785,2.8351004746743325,2.5644077066942867,3.7622873652585946,3.932053608151719,3.1462977572591364,3.192096543294182,-0.0457987860350455
3.094936343382065,3.4278199380040273,3.36922405640671,4.3032052969522505,4.794751855164269,3.7458601849982753,3.7979874979818637,-0.052127312983588414
5.0,2.7686656318536644,4.81181654408468,3.753692501784547,4.325811049579844,4.044037393840125,4.131997145460547,-0.08795975162042158
5.0,3.256449376348215,4.501930045866169,4.472819546414989,5.0,4.394737017518801,4.446239793725875,-0.051502776207073886
3.420303092540706,3.8135774874269637,2.7985412162573082,4.711196470653077,4.554184137745526,3.791177651579622,3.859560480924716,-0.0683828293450941
5.0,3.805363189842219,3.994664392303202,2.7104845833182285,3.3231565988315004,3.690530788811829,3.7667337528590297,-0.07620296404720062
3.7151414498004804,3.9687518858155686,4.269209965447879,3.0637957537408735,3.9788054751868964,3.7757033634479886,3.79914090599834,-0.023437542550351242
1.8328549893351054,1.5495733466834833,3.8617214467389758,2.638343519007218,2.402072866429843,2.3356498792659686,2.456913233638925,-0.12126335437295666
3.8454675245766756,2.812552741880141,3.4037999799326912,2.3430960935860115,4.18503799088599,3.24713744520131,3.317990866172302,-0.0708534209709919
4.032085167871719,2.2973075936585197,3.8178906686098046,4.149908002642453,3.5057040394660115,3.485597297112537,3.5605790944497016,-0.07498179733716448
3.3399352614599205,1.1113825637882826,2.241457894754027,3.677798984318702,3.104436589262481,2.486225972340073,2.6950022587166824,-0.2087762863766094
2.6835610663406495,5.0,2.861203088444253,3.4986578232510994,2.6578477638049214,3.239905541447644,3.340253948368184,-0.10034840692054026
5.0,2.2256071418567527,3.540296521486951,5.0,3.7890312547612863,3.7548385516246117,3.9109869836209983,-0.15614843199638662
4.744216953288775,4.278225325014965,3.8019176082363786,2.4787632177636123,3.3294721521792785,3.6375440833143005,3.7265190512966013,-0.08897496798230087
3.003522381416425,3.2031004065971906,3.698545868912193,3.354910302964406,2.2761372036652814,3.0677668981233537,3.1072432327110997,-0.03947633458774602
1.7248141171939404,3.2110706284193213,3.6467607718073505,3.998058277471864,5.0,3.320654649927675,3.5161407589784957,-0.19548610905082064
2.168680320468995,3.837055538125189,2.7179749763672114,2.984365596554124,2.173742953275603,2.7120635256682797,2.776363876958224,-0.06430035128994449
3.4846093058628256,4.54988391578945,4.476607854015698,4.423848519282825,3.6943560267070175,4.100987928438722,4.125861124331562,-0.024873195892840094
4.231626770848807,4.653698933286698,3.3809222481168857,5.0,4.3191715207759005,4.280970701847294,4.317083894605658,-0.03611319275836422
2.4907308450646957,3.733090822875842,3.1702353755969117,3.31699583830461,4.265225930603811,3.3422179403424135,3.3952557624891737,-0.05303782214676023
3.019982253047889,4.789362133767883,4.668484182896279,4.247803038734012,4.559056641360338,4.200485245723123,4.25693764996128,-0.056452404238156895
2.815413834621479,2.487983255625215,4.915282865227299,4.978518340264399,4.156776730167967,3.720137599573169,3.8707950051812716,-0.15065740560810248
4.125543474656297,2.718776406379626,4.613056177551807,4.424216265592168,1.7035423471277098,3.2976650175886086,3.5170269342615215,-0.21936191667291283
4.144978783457982,2.9427335960190337,4.9302564465296035,2.3698200525976247,3.280445775795843,3.419465296280068,3.5336469308800176,-0.11418163459994979
3.5935438930241945,1.6711413906792703,4.045893305443957,1.648468572400201,4.021038982014922,2.7630828429611447,2.996017228712509,-0.23293438575136438
3.946899794625145,3.8748245375238595,3.276064425511868,3.456737571184213,3.6113425239201042,3.624425134501623,3.633173770553038,-0.008748636051414849
1.8124166523990013,3.7297190258750965,2.7751052864289933,3.641202594927017,3.4180600299730113,2.976100760054471,3.0753007179206238,-0.09919995786615265
4.277618281739096,3.650546966606306,3.771070543239108,2.2311989321476458,1.9704615088810435,3.03826866539314,3.18017924652264,-0.14191058112949984
1.7120645583829108,4.206994418170132,2.4784776443428527,3.7103770470551236,1.9171879892634827,2.634826147243929,2.8050203314429,-0.17019418419897114
3.9611314152125097,2.620272145621014,2.234102953218914,3.076998531662339,2.997722998798106,2.924405045440426,2.978045608902576,-0.053640563462150403
3.8659931464506965,2.7433054018655083,4.851500832638864,3.9055031481355633,3.46046297437311,3.702069004913094,3.7653531006927485,-0.06328409577965433
3.430042003943635,2.6696020731455676,5.0,3.146382810563993,2.949086572946571,3.3546175233023567,3.439022692119953,-0.08440516881759619
2.9529818661563754,2.3443541257865563,3.9329757115635644,2.2001754774774636,3.069810707995913,2.837362568653359,2.9000595777959743,-0.06269700914261556
2.455337321823456,2.4773131829570296,1.4283451292306144,4.207881994800515,3.2499277048085933,2.599994910661619,2.763761066724042,-0.16376615606242284
4.216983990130031,2.955620956143616,4.506775999291673,3.702533517540919,1.881941508048541,3.3000791512934815,3.452771194230956,-0.15269204293747451
2.560345299102875,4.139000564135814,3.3739125017444893,3.7104668643239953,4.411367899133571,3.576563461621076,3.6390186256881494,-0.06245516406707319
2.1280679800119566,5.0,4.919265451470369,2.6762335893240063,4.158060819093869,3.573173651904975,3.7763255679800403,-0.20315191607506522
3.9827885633352342,5.0,3.4750689725604227,4.121554544360785,5.0,4.273958964859542,4.315882416051288,-0.0419234511917459
5.0,4.505948190959937,3.1218125700182573,3.482180817785419,5.0,4.1456904324780055,4.221988315752723,-0.07629788327471765
1.6175008159889928,3.7821702074348686,3.500830097790379,2.3964573077304756,3.120479749145203,2.76000288089763,2.883487635617984,-0.12348475472035414
5.0,3.058273252707948,5.0,2.4824525381676232,2.9197101275835804,3.5377520971600167,3.69208718369183,-0.15433508653181338
2.667251851786558,2.887052769560333,2.7247080275645557,3.085639778325156,2.5189433113738646,2.77000445409134,2.776719147722093,-0.006714693630752944
2.562442536222455,4.010559136019594,4.315169191653264,3.519477549166835,2.399047901538872,3.270956746842527,3.361339262920204,-0.090382516077677
2.608713313337087,3.571380701540467,4.3777379427401115,1.4322785762362535,4.759399145473804,3.0818988257827034,3.3499019358655446,-0.2680031100828413
2.413928730575394,5.0,4.141830062842304,2.7903866037526086,4.959257002609668,3.6982268173854,3.8610804799559952,-0.16285366257059541
5.0,2.393822328695133,5.0,4.560691577291902,3.7776622475978177,4.005503820963613,4.14643523071697,-0.1409314097533576
0.5286979658070599,2.70748158629284,2.544918986805969,1.3800191608425063,3.265285056482118,1.750050842612957,2.085280551246099,-0.33522970863314194
4.720439860857763,5.0,2.3888922008042583,3.318462215458385,2.5865787568503666,3.443200572746739,3.602874606794155,-0.15967403404741587
4.761053912835833,3.3320475869363886,3.7543566129611854,3.74081969334606,3.9079941055344163,3.872345494351188,3.899254382322776,-0.02690888797158797
4.7933816224085115,2.803748446403845,4.1902737099091905,3.6639081781809573,3.9517364940737254,3.8218285526090203,3.8806096901952456,-0.058781137586225274
3.6468939174024615,3.256006782179041,5.0,5.0,2.477459288999295,3.7437858055037587,3.876071997716159,-0.13228619221240034
3.4811692796246074,5.0,4.508449774397622,0.9537944204973399,5.0,3.270615065286482,3.788682694903914,-0.5180676296174322
3.574948771097973,3.5261070761557676,1.048060896077986,4.736091354655449,2.799523406366714,2.8099021852152197,3.1369463008707776,-0.3270441156555579
3.9900888910419328,2.523555623586038,3.038883538079872,2.1493018525333434,3.3977639451317962,2.950122332323025,3.019918770074596,-0.06979643775157118
3.9770566270206746,3.9279358666771538,2.898243423637231,2.937359153066299,4.826050688467971,3.6431914199239728,3.7133291517738654,-0.07013773184989258
3.3371078214359704,4.197366382186427,5.0,2.8702989984612852,4.476188324366071,3.8978984683282354,3.9761923052899513,-0.07829383696171588
2.1157334587200247,2.740731584010302,2.4424298990671414,4.5405565638234044,3.633306989371249,2.9765429269043695,3.094551698998424,-0.11800877209405458
3.4897931745163757,4.096271783129711,3.4308255048103486,3.351901139359765,4.491442373455708,3.746733670251967,3.772046795054382,-0.025313124802414766
2.858561532809556,1.7513472461632826,3.528814428237084,3.1045608513648157,2.4602060943820323,2.667006408407307,2.7406980305913544,-0.07369162218404757
3.364880839978414,4.758071768369961,4.725957026036588,3.0724740108428414,3.0010805585995537,3.704514196728008,3.784492840765471,-0.07997864403746302
4.986124875356584,3.0429518012988184,3.5485249429764165,3.617039832181679,3.1609606994193795,3.612897951866015,3.6711204302465754,-0.05822247838056027
5.0,2.2567005589646274,3.5713289868599314,5.0,4.472560225312628,3.8990607355866347,4.0601179542274375,-0.1610572186408028
3.561054442826201,3.978385993793151,4.476858075587598,4.195824873373137,3.2025230760898795,3.8557928677231965,3.8829292923339933,-0.027136424610796794
4.731659742097486,3.6247986341092493,4.4470059256031655,2.9125736232858666,2.782919478495417,3.616000905779397,3.699791480718237,-0.08379057493884012
4.004205644000985,3.9085694146202195,3.240994384822474,2.0513844159318726,3.016834010819145,3.157636908618877,3.2443975740389392,-0.08676066542006211
3.5383327494807855,3.3275881305972623,4.930966407135202,4.277153513315577,3.689985331862022,3.9120820245536936,3.95280522647817,-0.04072320192447654
5.0,2.843956512469677,2.3739284472241335,2.124851731846991,2.7001173736440194,2.8669120560178087,3.008570813036964,-0.14165875701915542
3.2684163673705218,4.673927528009891,4.426085715658765,3.6489326737857604,1.8738935548022395,3.4118504583497096,3.5782511679254356,-0.16640070957572606
3.349524955275434,3.5325061040671133,3.994591734523488,3.153229529189973,2.6638383162870634,3.309484846283899,3.338738127868614,-0.029253281584715296
5.0,3.8622222377079285,2.435738897668065,3.947980001562406,3.9261688099146617,3.737286411062959,3.8344219893706124,-0.09713557830765351
4.144801258416685,3.0448380209916914,3.699156006076625,5.0,3.0903780713626543,3.729326730673293,3.7958346713695312,-0.06650794069623833
4.290940662997609,1.3956412696656035,4.693783745322817,3.817532803608584,4.687732973821088,3.4699163581376142,3.7771262910831402,-0.307209932945526
2.623756773778455,5.0,2.168551453499825,3.1817604479713952,3.1720611113878117,3.1018048204260267,3.2292259573274977,-0.12742113690147105
2.8592632570488856,5.0,2.7581636621489896,4.26986956836933,4.021980460468109,3.68247450781142,3.7818553896070624,-0.0993808817956423
2.203903129474957,3.186838391563027,3.307472600413028,4.629872979612049,4.329703916134858,3.4167658235626135,3.531558203439584,-0.11479237987697033
4.708679840849956,2.72388928622472,2.8480100487427884,4.147446952122007,2.817754071035812,3.3578617499727654,3.4491560397950565,-0.09129428982229104
4.573463130076185,1.6741953283361188,2.9462173185599188,2.7911264399766536,1.6604717467339793,2.534343146852328,2.7290947927365705,-0.19475164588424265
3.93613594698186,3.5652570258905603,4.088668081589578,3.2942115112676253,2.298831750738187,3.3697702474534177,3.4366208632935624,-0.06685061584014473
3.4742295418386875,2.2584376592058204,3.732138518548065,4.927406558884979,2.499470654060854,3.246520592291271,3.378336586507681,-0.1318159942164101
5.0,3.17505766914669,3.8548781032557953,2.596449800518681,2.7724352414857587,3.379050812888355,3.479764162881385,-0.10071334999302994
3.5620752206705495,2.385036627894625,3.985968546004115,3.1450737490335787,2.5199293167361545,3.0602030233767965,3.1196166920678046,-0.05941366869100806
3.8599629656494137,2.5569578763551655,2.3277887314706773,1.2337059079001258,1.2836035306225941,2.052005705857728,2.2524038023995954,-0.20039809654186724
3.0936461866283707,4.865937284686845,5.0,2.579281277181136,2.345520924430625,3.401488714106538,3.576877134585396,-0.17538842047885783
3.564608280815092,3.1440836844223874,4.926918405993504,2.0242841741994226,5.0,3.5437620464427826,3.731978909086081,-0.1882168626432983
3.547899270320319,3.449398170569927,2.6174529506008715,1.9784293152734433,2.9890068749105554,2.8542248912443746,2.9164373163350232,-0.062212425090648615
5.0,2.6228015564475933,4.476510791924236,2.9531889806562432,3.684043149442994,3.639638112279246,3.7473088956942133,-0.10767078341496727
3.6281707719727296,4.765746820992711,2.440795138145088,3.3364755565962096,2.6024704150726095,3.2569024666376696,3.354731740555869,-0.09782927391819962
3.8771505183635826,3.9976206179327596,2.511911649320742,4.179755964956492,5.0,3.8202158812382407,3.9132877501147147,-0.093071868876474
2.9061530530596476,4.6904415850411025,2.7740720264204004,4.900024175757935,2.8196497333865254,3.496299808762377,3.618068114733122,-0.12176830597074506
3.040050652005479,2.555395747692533,2.7860824739152408,2.4214430357929126,4.0440442315759935,2.9190707549127715,2.9694032281964313,-0.05033247328365986
3.114034812005474,2.2418815841889748,1.8422329526381869,4.188825331180114,3.215517760539445,2.803656275358965,2.9204984881104386,-0.11684221275147344
4.434902206303303,4.499642970541095,2.094343202255215,4.074999505181492,3.147182019313212,3.5142437026746998,3.6502139807188643,-0.1359702780441645
2.571147447792346,3.7439521941390255,2.610046371909367,3.789091948488358,3.004137392594842,3.0993604528889285,3.143675070984788,-0.04431461809585935
3.2742019001702745,3.8724594882887073,3.987187027611972,3.0975132309629037,3.9201398299892833,3.610893962321928,3.630300295404628,-0.019406333082700122
3.8311814771057873,4.19203660047039,2.408685137332877,3.681756516294229,3.9193321553917553,3.5429171086600992,3.606598377319007,-0.06368126865890789
5.0,1.8346109633046228,4.82300581477361,4.316313696187739,3.6153661868371443,3.6967443119017767,3.9178593322206225,-0.2211150203188459
2.4918950490342224,4.1612913869882675,2.7390981700363612,4.384773725337034,3.269719263699338,3.3263245799247723,3.4093555190190443,-0.08303093909427206
5.0,2.788767246513922,1.7940982668880934,3.1439189506673793,4.355984363770331,3.2133440734847767,3.416553765567945,-0.2032096920831683
3.3760714310510473,3.489785570481316,3.149599126075234,3.6928517694225445,3.1199079581251974,3.358875152200193,3.365643171031068,-0.006768018830874745
3.8275815990760553,3.904445528201121,3.3381255130799885,2.815617745537133,3.776445157185357,3.5069427229832018,3.5324431086159307,-0.02550038563272894
2.481625350628944,3.205780533390722,2.356120446783441,4.880231625928428,3.3258860000697132,3.1379285987129903,3.2499287913602495,-0.11200019264725913
2.9762859592108883,4.738644572045807,3.880005227128651,4.365112258981265,2.287794791300713,3.5278874146920107,3.649568561733465,-0.12168114704145427
3.734184317748495,3.366583902078449,2.3584629343077728,4.700131812100365,3.2730391259310054,3.4026328977166966,3.486480418433217,-0.08384752071652057
5.0,3.1329966181514215,4.5610003930390635,2.992126239386404,2.7663341601122613,3.5840570868838557,3.6904914821378307,-0.10643439525397502
4.139728850536832,4.802456707204595,4.317675904024319,3.8654525028468347,2.219930001276521,3.7449412008006187,3.86904879317782,-0.12410759237720148
3.533150243822088,3.3644034535525815,3.2091715291556255,3.4777086182846686,4.59291777712465,3.605529006058887,3.635470324387923,-0.029941318329036015
2.506984657191019,3.5814414549564955,4.518768140303681,1.644254476662132,2.199629548152352,2.7121245733552812,2.8902156554531357,-0.17809108209785451
5.0,4.1411037315884025,1.3711843744562966,3.7245248740804455,3.1114621677277596,3.187450687611166,3.4696550295705806,-0.2822043419594147
2.067795747552312,4.435331427150345,2.5952500409932817,4.394560952795343,3.512143705759847,3.258518105631269,3.401016374850226,-0.1424982692189567
4.401900103860869,2.100452391614674,2.3479946535356717,4.0876831293621185,4.251731994490964,3.275960423620985,3.4379524545728595,-0.16199203095187453
2.9300341356362676,4.12907261467886,2.0934995349835477,3.982351566393426,4.141857519914671,3.3433863447046175,3.4553630743213546,-0.1119767296167371
4.877394155915654,5.0,2.533330452505,3.6901665463315547,3.2767704645241262,3.7555049425278195,3.875532323855267,-0.12002738132744728
1.8258809771187936,3.014596032482712,4.549451477248538,3.1064097087407423,2.8854401504153957,2.9527473336822516,3.0763556692012357,-0.12360833551898409
4.565609019096515,3.9434836521990864,2.695624350218457,3.428058849763623,2.2420378370433918,3.268480271382351,3.374962741664215,-0.10648247028186386
1.7087562391643942,4.60776148135986,3.6648500042432555,3.1793898370107856,2.5685032229177613,2.9816045389151693,3.145852156939212,-0.16424761802404264
2.786796492750744,4.924249830435015,4.326910826894289,3.9208721620145495,3.9565604173781614,3.9161990043230515,3.9830779458945513,-0.06687894157149987
1.826157981702058,1.0679927269600205,4.123953966925647,2.8969078875976613,3.477951045757464,2.4084393827817725,2.6785927217885703,-0.27015333900679783
4.878395505233786,5.0,4.129855041554108,2.9224211182046327,2.665552220055837,3.7926464733940195,3.9192447770096726,-0.12659830361565305
3.118047201468667,4.269902047940283,2.883739055664351,1.242422531452684,2.636900270368524,2.629807236521893,2.8302022213789018,-0.20039498485700857
3.0875998979852177,3.500406245248174,2.924834147871321,5.0,3.4575702472713346,3.5279006457214366,3.5940821076752094,-0.06618146195377284
5.0,4.687569559096606,4.453803985358002,4.176661782534958,2.415877623282835,4.022634868393528,4.14678259005448,-0.12414772166095212
3.32720272818066,3.862067039044042,2.4437603942662243,3.882713029421657,4.536189395543531,3.5363629602197184,3.6103865172912224,-0.07402355707150399
4.358576514917675,2.6084638336723565,2.3822062580953225,3.790633980219432,4.126655590254388,3.35277018788038,3.453307235431835,-0.10053704755145487
4.232035806986962,2.840347176380436,3.9260949773508966,3.0168737029780752,2.330189627735556,3.1927579231274916,3.2691082582863857,-0.07635033515889411
2.41915305988579,3.447606485810214,3.3926402108410043,3.1878716641838563,3.775942403445826,3.2095859216701625,3.244642764833338,-0.035056843163175255
3.7449658945034474,1.766557117536403,3.5303203117439055,5.0,2.9034788080549614,3.2066803124364895,3.389064426367743,-0.18238411393125364
3.7814720854365307,4.729176355043751,3.773320356265473,2.869486822070765,3.424105347668489,3.6669440863800067,3.715512193297002,-0.0485681069169952
2.2676234261058994,4.12305942963013,2.238721643633184,3.584440578156756,3.3029538290482487,3.0117776292465845,3.103359781314844,-0.09158215206825959
3.7090507692349948,1.2245833584865253,4.72795843417472,3.961250923430863,2.8833502926566053,3.00559810566633,3.3012387555967413,-0.2956406499304114
5.0,2.529334884863122,2.047979452325347,3.841527107773983,4.52446483853816,3.3937090812103006,3.588661256700122,-0.19495217548982158
1.7791142368200552,1.5785137280830224,3.650917655276209,3.6716327188332043,2.2855406729270755,2.4374767638563632,2.593143802387913,-0.15566703853154973
3.8396682495833288,4.003936348109985,2.9486919537425815,4.4836155078501445,1.7234687575977237,3.227664680971394,3.399876163376753,-0.1722114824053591
3.817546248961726,2.062916676432195,2.797244477155588,4.648037831323485,4.544049569242045,3.416188502363295,3.5739589606230076,-0.1577704582597126
0.73890507498909,5.0,2.9622073511464415,1.717113664724866,4.682325995017811,2.4484258728625306,3.0201104171756414,-0.5716845443131109
2.6936774340657785,5.0,3.6182857336043464,4.236251855047348,2.9427985220821227,3.603397315781474,3.6982027089599194,-0.09480539317844539
3.535519980880859,3.36505652703739,4.072596832732529,3.4150442142771373,2.3425252166573696,3.293665850282796,3.3461485543170566,-0.052482704034260586
3.6855228091021757,3.1872564922698094,3.9383326718609313,4.709503742505172,4.087851074964075,3.8899117226924216,3.921693358140432,-0.03178163544801027
3.8215973589393104,2.8954098132112764,4.201248508426888,4.691292652821554,5.0,4.050598283673834,4.121909666679805,-0.07131138300597151
2.176339042749056,3.368902453316801,2.68028311634688,3.971011795301585,3.673493360229268,3.1008104519814794,3.174005953588718,-0.07319550160723853
2.581373962438809,1.2064245289645572,3.4285971553798267,1.535605824777221,3.1612635235399025,2.2025288160107106,2.3826529990200633,-0.18012418300935273
4.38793077085893,3.967507555391981,4.551821770631773,3.3601777717473955,2.554711227810036,3.6858136144265625,3.764429819288023,-0.07861620486146048
5.0,4.75217842900065,4.593441900393845,2.5316126924669278,4.16146288016091,4.093821024119688,4.207739180404467,-0.11391815628477886
2.2331510015983156,3.932935489953774,2.005390019761223,3.7147219506062013,4.676605886931154,3.1415079949939217,3.312560869770133,-0.17105287477621145
1.7126072936398506,4.011426491638963,5.0,4.244024187245831,3.5516655407188473,3.4900151223223803,3.7039447026486982,-0.21392958032631793
3.821724795762464,2.309930627978863,2.7021247823552317,2.1663901220819524,3.628531232181638,2.848434623335169,2.9257403120720302,-0.07730568873686128
2.8280934666377826,1.616591084531782,3.6551149024264036,3.5150379898656356,3.9827067455002294,2.9772867518720956,3.1195088377923668,-0.1422220859202712
3.403286611262925,1.2397713321855353,4.779249386131674,1.6412437341768518,2.1121666063300064,2.338299906134658,2.635143534017399,-0.2968436278827409
4.596495181396514,3.4456928262204043,2.375428827083204,3.979547024109129,2.5573785097316293,3.2856008979773272,3.3909084737081763,-0.10530757573084903
1.8400942763143342,4.404137021912444,2.433241668018455,3.80483991533744,3.84960997546772,3.1054736767899223,3.2663845714100788,-0.1609108946201565
2.891872564834775,4.079361853914407,5.0,3.016409310649065,2.6319219645252088,3.4205893043185833,3.523913138784691,-0.10332383446610782
3.2113600517660563,5.0,2.862933560065735,2.9933529752683556,3.527406225155784,3.4452182304839054,3.519010562451186,-0.07379233196728041
4.352064047381078,2.1787959212958676,3.2389362130036217,3.820520239601586,2.7020795919252985,3.1639307821118074,3.25847920264149,-0.09454842052968271
3.239577699251746,3.4232262718292237,3.1900278494251357,2.003481965570261,1.8915538656355217,2.6635725251234335,2.749573530342378,-0.08600100521894438
1.3842717324825218,4.359307080172792,3.3153458242855365,2.9198905962263626,3.6698033052494923,2.9257378039398767,3.129723707683341,-0.20398590374346437
1.6528676630913643,4.148382342167927,5.0,2.869146144768626,2.2574456586397718,2.946397707346606,3.185568361733538,-0.2391706543869323
2.962702616495424,3.9949339028672526,2.8074347496306182,2.6629546104246,2.2464162568629433,2.881855928877209,2.9348884272561677,-0.053032498378958515
4.204362508544855,2.8565981251470403,2.5609960205327695,3.7114802611794477,3.1702328611886017,3.248772533138727,3.300733955318543,-0.05196142217981592
3.923079825743936,4.272332623968596,3.3703385890640116,3.006199967168974,5.0,3.8529264716372786,3.9143902011891036,-0.061463729551825
2.2050604978560537,5.0,0.6470469875993148,4.412074289236104,3.250325194195348,2.523359874264348,3.102901393777364,-0.579541519513016
2.5782764389610238,4.324669580959198,2.798986992253836,3.74031640425218,3.1992067602040146,3.2692398833530905,3.3282912353260508,-0.0590513519729603
4.49025574562384,1.913243215975835,1.7322582580488093,4.876997344755258,3.9937920981616464,3.1076948955106074,3.4013093325130774,-0.29361443700247003
2.498566454973705,3.607060110726188,4.773236996319808,4.299014605562992,4.669440169996503,3.8659675443584107,3.9694636675158392,-0.10349612315742851
4.749331310624135,3.3276393713143833,2.407756548112979,2.945312638555683,2.2072798859022225,3.010745320665666,3.1274639509018805,-0.11671863023621443
3.0826893201605294,3.1719458891519947,3.5225510399293247,2.5676012722483637,3.877554622598178,3.213954068034914,3.244468428817678,-0.03051436078276426
3.5157770249016163,3.8183468521232014,2.9708529723546833,1.664827081541097,4.9105548271999355,3.1816727699671405,3.3760717516241066,-0.194398981656966
3.929153113680226,2.767983343503067,2.581051317796439,3.7718954243448826,4.4617670217845875,3.426613483717185,3.5023700442218404,-0.07575656050465529
4.461219375912847,4.337341048074455,3.8063912621832,3.05514978707758,1.7247353716383453,3.294496962891825,3.4769673689772853,-0.18247040608546028
4.058764639436243,3.5544300791039696,4.061356554739672,1.2077267995445085,3.5350671405798826,3.0174512785902663,3.283469042680855,-0.26601776409058875
3.4134994511324823,3.8682081155330903,3.3507514594970846,2.860947823842593,3.221411000398178,3.327220566615434,3.3429635700806855,-0.01574300346525126
3.6395386100638443,4.303869571624273,2.256559876441438,2.8720794788688413,3.425254772659789,3.222911096084891,3.299460461931637,-0.07654936584674576
2.0654244062206235,4.6256685242549125,4.270240096714013,2.7807254313857377,4.041309625425648,3.4061460679057345,3.5566736168001873,-0.15052754889445286
3.8068968196737987,4.864131080210633,2.765746513993652,4.564318245397175,3.53377775190418,3.831781884942841,3.9069740822358874,-0.07519219729304627
3.0631931529022833,2.127128776274687,1.2600637487228012,2.240788007946951,4.752834492616419,2.4453601416731727,2.6888016356926285,-0.2434414940194558
3.0099042499999378,1.9915730704711414,3.3920359560476196,4.0822826976389806,5.0,3.3390005503949562,3.495159194831536,-0.15615864443657967
3.304922335165016,5.0,3.9733693362283797,3.228586249040637,2.6407831148624616,3.5449251131046013,3.629532207059299,-0.08460709395469745
2.409988855871034,3.4393621519958435,5.0,3.6400140929109366,5.0,3.762765931193448,3.8978730201555627,-0.13510708896211465
3.0448912515792954,3.3488592512063358,3.0086658975140033,3.6040613106805326,1.2843410319077502,2.6944059853236983,2.8581637485775837,-0.16375776325388536
4.383972912362784,4.228248452598564,5.0,3.1872401388337774,2.384047349778805,3.711467018212331,3.836701770714786,-0.12523475250245486
5.0,3.2562985199641914,4.077752756523436,5.0,3.269532738632355,4.046822539209836,4.120716803023997,-0.07389426381416175
3.1919539755432393,2.7357898403743652,2.711915920537285,3.423493874272604,4.554649248498855,3.2618802509889906,3.3235605718452694,-0.061680320856278836
3.1772644645177657,3.0552865502832396,4.980172225249244,3.268865847683879,4.791389466868273,3.7656647192402763,3.85459571092048,-0.08893099168020369
4.468609231768192,4.718499917844663,2.2188795375249697,3.577453584988659,3.8916655354741287,3.6539610556930335,3.7750215615201226,-0.12106050582708905
2.745248289580311,3.8360074181934993,4.049237506809069,2.7387463711921267,4.487590511163874,3.498483830616615,3.5713660193877756,-0.07288218877116082
2.7689935758931554,3.7380609480621896,2.8708137965443496,4.429236394454137,4.951839804030385,3.654380454935839,3.751788903796843,-0.09740844886100408
3.551733901563333,2.187744048077782,3.791844558638695,3.1451536797134714,3.759892552713486,3.22419241910154,3.2872737481413536,-0.06308132903981356
2.7346299210243408,5.0,4.050167146808153,3.1237255881499584,4.026400243913031,3.703277582555519,3.7869845799790967,-0.08370699742357779
3.319642769399676,4.031378862710164,5.0,2.6151971589309446,2.4448480969345123,3.3593422907060413,3.482213377595059,-0.12287108688901771
5.0,1.7582794032281688,2.780658709002971,3.855292845849719,4.2159129515277565,3.310022285026714,3.5220287819217235,-0.21200649689500972
4.284896004357423,4.927441859853516,1.8827431330461406,2.2311205215400975,2.0354389643066013,2.8268762447135645,3.0723280966207556,-0.2454518519071911
1.9470864883518981,3.057714528535942,3.969389637389431,4.3333500755479095,3.851603305278106,3.3051733895389956,3.4318288070206577,-0.1266554174816621
2.0415180524774446,5.0,2.743852817787662,1.8766256517787478,2.9542791780498887,2.742980022215387,2.9232551400187488,-0.1802751178033617
3.324449814604623,3.034478938863323,4.415793648303171,2.018027919217716,3.771251309818125,3.206602041576158,3.312800326161392,-0.10619828458523406
3.457980749909523,2.4733011500033797,2.784510690585484,2.9048412981228044,3.4622557413972865,2.991341546881324,3.016577926003696,-0.025236379122371755
2.4244451268878615,5.0,4.844909637428209,5.0,5.0,4.298942246562568,4.453870952863214,-0.15492870630064637
5.0,3.466854067790818,2.3618981406629387,4.366932728988554,3.9506218158158077,3.713656562026068,3.829261350651624,-0.11560478862555579
5.0,2.9720175383018548,3.6327344756508895,3.5811013675269767,2.5622918214150427,3.459234841448735,3.549629040578952,-0.09039419913021707
3.985872994478396,2.7921052525387635,2.8776102040997555,2.5951852133514155,2.592358552246487,2.928667897866785,2.9686264433429637,-0.03995854547617883
2.9312778731489577,3.2288562049488556,3.6523844053015853,2.990927611865975,3.221582380141778,3.1952987055985154,3.205005695081431,-0.009706989482915596
5.0,2.765135272543098,2.406904321704242,4.13774767543272,3.7769652580806286,3.4930953557929114,3.617350505552138,-0.12425514975922658
2.362914526104243,1.8047743962651446,3.6213518683426797,1.8981720257204062,4.513592713712298,2.656561772692347,2.8401611060289538,-0.18359933333660683
1.8297274913924428,4.378143635530218,3.079680124109588,3.380430265056689,1.8042798826960915,2.725784913120802,2.8944522797570063,-0.16866736663620419
4.626465824845707,3.108105882602663,3.297673898233161,3.2855671573267213,3.6502844839127753,3.556132926409876,3.5936194493842053,-0.037486522974329084
4.097720647723814,4.054697402295508,2.9834179317963434,4.556974544277602,3.0242059148300484,3.6889313290637027,3.7434032881846626,-0.05447195912095992
2.181893817266713,2.5585324717703455,2.9386023273513655,4.39743439771819,4.671183807980016,3.202715324553723,3.349529364417326,-0.14681403986360309
3.8876389295590763,4.010579647539177,3.8256551787692,4.515376307887674,3.7650399859931603,3.9922018053964017,4.000858009949658,-0.00865620455325633
2.939348764617107,2.797783678481518,4.484766654044088,3.978458660228031,2.151100929733051,3.161084812564787,3.2702917374207594,-0.10920692485597261
2.812530797207974,2.695542156585193,2.0282396759011547,4.377944917534758,3.8346146280503897,3.0364836104520436,3.149774435055894,-0.1132908246038502
2.9057699160396453,4.329733650559455,3.3946910837472277,2.8022862728283586,1.216784573386581,2.708006931429915,2.9298530993122536,-0.22184616788233846
4.341179474839019,2.590887621997421,4.975686033815812,4.9442843131325,3.714097116249412,4.002885757261901,4.113226912006833,-0.11034115474493156
3.0341979808034316,2.7541292125904766,5.0,3.835744267762314,2.632527454119948,3.349994985565974,3.451319783055234,-0.10132479748925993
1.7184005663081674,2.5458562987519806,3.9006831333878798,3.8522641178647397,4.233814368859164,3.082544584476867,3.2502036970343866,-0.16765911255751975
3.510533242531432,2.242547171879878,3.0322507859275656,4.287003164072387,4.114654226463298,3.348677998438922,3.437397718174912,-0.08871971973598969
3.682360938715301,2.783477231032592,3.733091708801484,3.6815527686911316,3.4579441231378745,3.4476751425485768,3.4676853540756767,-0.02001021152709992
3.4576215252738622,2.9955278291919245,3.605132742413708,2.2929195561206974,3.2498606248086577,3.0823725278475296,3.12021245556177,-0.037839927714240496
1.6186316021433258,3.864952677890982,2.812040008639976,2.001668761457349,2.261794142644378,2.400113587737477,2.5118174385552026,-0.11170385081772549
1.9390228648575687,1.2510365951583893,4.18196089974299,4.407213886290084,3.7389210593296296,2.78373998208505,3.103631061075732,-0.31989107899068214
1.4709603462650636,4.402567898436106,5.0,3.54537529920727,3.7064471690409637,3.355671289612717,3.6250701425898813,-0.26939885297716426
4.132682185489862,4.218196787958336,5.0,3.420499189017967,2.035859889552746,3.602742687672984,3.761447610403782,-0.15870492273079817
3.044893214762506,4.5759787967674415,2.823250910121516,3.8500627301552797,2.0323540671106333,3.145245463681932,3.265307943783475,-0.12006248010154286
4.384907290314965,3.090479749558453,2.8167449402569904,3.466506658709121,3.5377735839690834,3.4203549909028514,3.4592824445617225,-0.03892745365887107
4.3773594815258745,5.0,1.872399154453504,1.8481075448634576,4.080566724114877,3.147789450891095,3.4356865809915424,-0.2878971301004474
5.0,3.1213042616772824,3.890289310514421,4.134510023284426,1.8815369919213443,3.4264544588475645,3.605528117479494,-0.1790736586319297
1.5992066150777655,3.272398348118487,4.708833721420854,2.606233213674822,4.140336558631753,3.054545534066553,3.2654016913847363,-0.21085615731818352
4.1074595823889615,3.0253034694415164,3.6819639883997053,4.462875559634539,3.687728181430985,3.7614829018616738,3.7930661562591412,-0.03158325439746745
3.059553347255818,3.2518571772868183,3.961041529152637,2.922484054424234,4.4039690345260905,3.4756741921091203,3.5197810285291196,-0.04410683641999924
2.932165998888165,3.344875178856656,2.092981906706157,3.1460539972555503,2.075740914848941,2.663511966243278,2.7183635993110937,-0.05485163306781571
4.320337403570554,2.9958188509706782,3.827207555809747,3.0645069306878048,4.006078382643934,3.6041184523328074,3.642789824736544,-0.03867137240373664
4.276922162735383,0.9900457770499651,3.2106948167925378,3.7125498404838067,3.7982993024197276,2.861076202844483,3.197702379896284,-0.33662617705180065
4.068216558249664,2.2375472220044723,5.0,2.5678660004473013,2.8236974955646317,3.1893880344041743,3.339465455253214,-0.15007742084903963
5.0,4.784353408980818,3.997900072232318,5.0,3.480767295947826,4.408126379877247,4.4526041554321925,-0.044477775554945254
2.749936629579415,5.0,2.4740951644802127,3.7730093399950273,4.1013113145864395,3.501579100072547,3.619670489728219,-0.1180913896556719
3.817557849308438,1.7365137120100869,4.055756505309921,2.7636031432373587,2.2887430608971906,2.7933264078610036,2.9324348541525986,-0.13910844629159502
3.0745589037663135,3.063645644384897,3.8762802356638404,3.9702768585411037,4.504324154953526,3.655757579584894,3.6978171594619362,-0.04205957987704245
3.6718022933929513,4.593898232625117,2.7333841535480867,4.965169304913411,4.808327030383828,4.058241411172973,4.154516202972679,-0.096274791799706
1.6340401876134643,3.2178693951132464,3.385543566788429,5.0,4.5891338977458505,3.328373514332279,3.5653174094521978,-0.23694389511991876
3.8694403782423623,3.1481449071848093,3.558266370180206,3.8495644739844734,4.146783399498059,3.69839127409394,3.714439905817982,-0.01604863172404203
3.434176915759171,3.67190690557199,4.050418720602386,3.2497437466272183,3.4613846364251297,3.563384161552943,3.573526184997179,-0.010142023444235981
4.171653528868881,4.624753907383066,4.963456478592757,2.2386513569159363,3.271414951082143,3.708349300609518,3.8539860445685563,-0.14563674395903847
2.1757149893890637,2.929807427936611,4.280847102595315,1.5666030323716624,3.315961033884819,2.693443286921872,2.8537867172354945,-0.16034343031362264
4.165877978640406,3.6822983147061312,3.860825618560011,4.103473230078178,3.193162033680974,3.7842136890529856,3.8011274351331403,-0.016913746080154723
2.696371341007225,2.942819099127502,4.408304236388459,4.764915423368163,5.0,3.8385571038812096,3.9624820199782698,-0.12392491609706013
4.072166924003207,3.6088111697419416,3.3908038471574398,2.860565963699395,5.0,3.7203420740322697,3.7864695809203965,-0.06612750688812685
4.850391861647047,1.9914215127496078,2.601505624013325,3.9802080178518224,4.111271995829334,3.332800778532273,3.506959802418227,-0.17415902388595406
3.6246301715671247,3.2507046079315773,2.078455234437716,2.287057219454806,3.8252420133364335,2.925388609883705,3.0132178493455313,-0.08782923946182608
3.6357153797905877,5.0,3.3433599076008162,5.0,2.422128858481374,3.7443984093179767,3.880240829174555,-0.1358424198565782
4.201383358860692,3.4046047888285784,4.757460820842457,4.075857833852286,2.89424939643017,3.809937428034633,3.8667112397628367,-0.056773811728203505
3.835940140577737,3.173182318391487,5.0,3.216504870984374,4.338554529364155,3.853126124514038,3.9128363718635506,-0.0597102473495128
4.713965936594192,3.093824375053858,4.34877075885676,2.75657126211245,3.9673266131343667,3.7001826146496657,3.7760917891503256,-0.07590917450065993
3.9151864266597487,2.0078150799084247,0.7809757071664309,2.5928042550922035,4.780244779029838,2.3783004056431154,2.815405249571329,-0.4371048439282137
4.897385643078978,3.471048498466621,4.538499428949866,2.7801837753940464,3.538955118021944,3.7675338762167736,3.8452144927822913,-0.07768061656551772
3.9797715456106815,3.501933632454061,4.777091702998486,3.3651366872670136,2.6736396893386773,3.5932467728120385,3.659514651533784,-0.06626787872174544
3.6366564114458297,4.970119997368524,1.576549084884757,3.118938336605998,4.266377279082518,3.279204775265188,3.5137282218775256,-0.2345234466123376
4.787881728337911,2.5017293143171826,4.068984792724251,3.369466710496691,3.1614611745181023,3.491915808459346,3.5779047440788276,-0.08598893561948184
3.2337295303996707,3.780723245505396,4.202072744969063,2.5848013154915774,2.8757295875618007,3.2838512138960745,3.3354112847855015,-0.051560070889427045
3.0949918943229875,5.0,3.5880929315243746,1.9112018071381485,3.630952204283174,3.2897587938853827,3.4450477674537368,-0.15528897356835403
2.7538756597805527,3.4378184895147292,1.991841858282293,3.918844000872,4.379614582716348,3.1769852523801916,3.2963989182331845,-0.11941366585299296
4.80654789113201,2.648000171765548,4.362364269670503,3.0655152657337155,3.791841163410439,3.6472485985486327,3.734853752342443,-0.08760515379381051
4.269982310870312,3.8757651523310903,5.0,1.9816197703490575,3.793928318493376,3.6205337170133913,3.7842591104087675,-0.16372539339537617
2.0674406787102395,4.858700965590367,2.2030317721478245,1.1134562064959614,3.040907018958431,2.3709918108925274,2.656707328380565,-0.2857155174880375
1.7256209520413928,2.621695148996068,2.0962391733080405,3.581884460296432,4.125112675488234,2.6872196299764135,2.8301104820260337,-0.14289085204962015
4.4257454445757825,4.056927909818904,4.764853609047431,3.2146481278516883,1.8500555811124577,3.477845624097613,3.6624461344812524,-0.18460051038363945
3.3348298687110205,4.1776039043166975,2.2330334674515813,4.264341250881664,3.7295638103218587,3.458447869101059,3.5478744603365646,-0.08942659123550545
4.011044467326092,4.205147923460996,5.0,3.78948682700425,4.2298809270124105,4.228472012668988,4.24711202896075,-0.01864001629176215
2.580475302579398,3.204211197410311,3.6723517152204423,1.5423569500550547,3.153375187162268,2.7155958104959805,2.830554070485495,-0.11495825998951448
1.8568395827890336,0.850767323040293,3.838988236217849,3.191144478835345,1.6883921398435777,2.0083728941673167,2.28522635214522,-0.2768534579779032
3.0275434505686687,1.698309409660374,1.2925741525153533,4.18479731563402,1.3965303134474722,2.079014377136702,2.3199509283651776,-0.2409365512284758
4.10434142039633,2.1904552569216564,3.1343831994024187,4.9935721120644185,4.67842593678777,3.661745938022411,3.8202355851145184,-0.15848964709210733
0.30603524554823736,4.602947694546486,3.8822115956166345,3.316845622455669,4.0727781382558454,2.36428888195394,3.236163659284574,-0.8718747773306341
2.5141415141315133,4.779245759726514,2.6405890802196152,3.8477400662017223,2.2594431877017156,3.077027739396277,3.2082319215962167,-0.1312041821999399
5.0,3.6832493343860717,3.232443796176595,3.1241580819325803,3.619102417215112,3.678012458860857,3.731790725942072,-0.0537782670812148
3.974465278966782,4.688265599190975,2.6584146325034177,3.820367568699964,5.0,3.937293206326263,4.028302615872228,-0.09100940954596481
3.3567142288598313,3.25098000818129,2.4444619506743064,2.4696641232944523,2.8276556694799186,2.8446921426939675,2.8698951960979597,-0.025203053403992204
3.325242745455978,2.5983624636516214,3.6209335536397664,2.30031564813858,3.5755469456906646,3.0345528975505913,3.084080271315322,-0.0495273737647306
4.399344432198611,3.237425499989324,1.8726587576837124,3.404654221541698,2.7214906266202363,3.010129983073138,3.127114707606716,-0.116984724533578
3.812830828077279,1.9343124498493018,2.659998762493342,2.882135506201025,3.4993276483392846,2.8791939455179327,2.9577210389920467,-0.07852709347411402
5.0,1.7802154353821733,4.72711809743096,3.548007838624279,2.929606186700535,3.3741669465981428,3.5969895116275894,-0.22282256502944664
4.712734464598148,3.132750234556893,2.8530844601134064,3.6910130482821226,4.006932901722894,3.6215476528634767,3.6793030218546923,-0.05775536899121558
3.2011172562317096,1.6804890443918707,4.473184873759543,2.5193863657430815,4.646915287049742,3.0900302370286163,3.30421856543519,-0.21418832840657354
4.415411039711589,5.0,4.375167333836165,4.486810634371949,3.1011471927874625,4.223565039803929,4.275707240141433,-0.05214220033750383
3.825742516909658,2.6074598486537393,3.9893095970253216,4.951954382152799,3.8145592948326055,3.7601954783211324,3.8378051279148253,-0.07760964959369288
4.034825666763751,3.158602675665284,5.0,3.9039998353915273,2.1398571231205885,3.50943230160549,3.6474570601882297,-0.13802475858273988
4.328594475078935,3.711649976248445,4.0788957632729845,3.9889504355837775,5.0,4.200074880027998,4.221618130036829,-0.02154325000883084
5.0,3.601197051871292,3.4914078371342256,2.6333253473240736,3.0108554886396433,3.46355733057567,3.547357144993847,-0.08379981441817685
1.817690658522636,4.178669353226249,4.431315024445148,2.7621445128033484,3.265861227794237,3.1366563943936954,3.2911361553583234,-0.154479760964628
5.0,3.990637376168425,2.4878897881114552,4.840664793895007,4.653099825223075,4.0709723945412035,4.1944583566795925,-0.12348596213838903
4.764724227106706,3.0985329525265315,3.9368439541093294,3.412738717180871,2.9221771187644245,3.5696886056830706,3.627003393937572,-0.057314788254501536
4.277083589740717,5.0,3.9380045034295597,3.4566691101083875,2.6030982702411167,3.7662441023766933,3.8549710947039557,-0.08872699232726244
2.817662406532109,3.1117052658067594,3.319782707838588,2.7090486486117396,2.6737923445995766,2.9160053073468895,2.926398274677754,-0.0103929673308647
2.6952637004798845,3.9401757831321707,2.177422856088587,4.609739961743384,1.9687339863768394,2.913296053952418,3.0782672575641734,-0.16497120361175543
4.730460172238965,1.9855362431108505,3.859926376745764,2.992064415233637,3.011978955159767,3.182999867239572,3.3159932324977968,-0.13299336525822492
5.0,4.854811231363835,4.473904544903669,4.559730945705438,4.782714430143426,4.730298494491295,4.734232230423273,-0.0039337359319775445
5.0,4.722594655387861,2.7094816233246353,3.169434126136312,3.7826088184188578,3.7753916345342415,3.8768238446535337,-0.10143221011929215
1.95484146632353,3.68166901636981,3.3508224561719078,4.255601076668233,3.3890268181622907,3.223062473670646,3.3263921667391543,-0.10332969306850837
3.5820724384102025,3.099439487329056,3.8689535735523197,3.8840876958672776,4.571125553410223,3.7710704360596723,3.801135749713816,-0.030065313654143555
3.089022095553595,3.0044674668957567,3.0661775637695006,4.3406630546387,3.306389567485563,3.32827485374059,3.3613439496686235,-0.03306909592803331
1.5292107220311062,3.3719392203563867,3.826503247096423,3.1800913853820596,3.2185149689510735,2.8910051040790554,3.0252519087634098,-0.13424680468435435
5.0,3.8973314783338155,4.436485805656407,3.6043611470540866,3.876871036173366,4.134445010123816,4.163009893443535,-0.02856488331971896
3.2011407926703535,3.941275170371932,4.356855929417759,3.846975648604159,4.3629344656225735,3.9174419692821725,3.9418364013373557,-0.024394432055183213
2.8104539251831606,4.119137279018112,2.7932170356644477,5.0,2.1225243222135615,3.214415544236728,3.3690665124158565,-0.1546509681791286
2.0406739175756305,3.330051096534382,2.2479872472083215,2.363918050767219,3.9755898822100897,2.7002903821630215,2.7916440388591286,-0.09135365669610707
2.957947042618056,3.0869599051074443,5.0,3.493426891720867,3.830660715199369,3.6074751393015414,3.673798910929148,-0.06632377162760639
3.7814899320573883,3.1848900622945404,2.9957598332693056,2.953077823724903,3.43570365008157,3.256199424831022,3.2701842602855415,-0.013984835454519562
5.0,2.4321390557452722,4.940176707638804,4.383411986072213,3.453480495788912,3.9061960601425856,4.041841649049041,-0.1356455889064554
3.816564957487633,2.656185922500843,3.583413415600293,2.854245202461589,2.475817171230321,3.0331059357479693,3.077245333856136,-0.044139398108166805
2.7482777497714714,2.6019965134983174,3.471456802906129,4.161691522896262,3.954293512191449,3.3284618008478914,3.387543220252726,-0.05908141940483436
3.773908848970966,2.342825038166646,2.3385493890983367,1.7332981900498277,4.2624525774516515,2.7340227917888473,2.890206808747485,-0.1561840169586377
5.0,3.178821589853363,4.3574676054986865,4.223743566270106,2.882511547423495,3.8475811191377547,3.92850886180913,-0.08092774267137548
4.383570068007503,4.304272396721185,3.0826640488537644,4.087960088147844,3.776672614081956,3.8963142503593837,3.9270278431624512,-0.030713592803067513
3.43416756552979,2.2263065155440964,2.5253372433090626,2.9564424273230197,4.073809413866181,2.973713958004394,3.04321263311443,-0.06949867511003571
3.4684941589087948,3.612732985137816,5.0,4.435126661562094,3.7971952575784154,4.024048057113674,4.062709812637424,-0.03866175552374962
3.692527796716248,2.5224327150744488,3.3910842292450503,4.0829677668413895,4.996416431598583,3.646055742293043,3.7370857878951442,-0.09103004560210115
4.006617874780144,3.3155147487577477,4.1970308641461,3.607755998903601,3.0752890452906483,3.6164197305067245,3.6404417063756482,-0.02402197586892374
2.3800615040087507,3.7173296071712034,4.074957384653423,4.091721175430973,1.4321265935133347,2.917198305301603,3.139239252955537,-0.22204094765393378
4.880650761513629,1.5748969297617086,1.9820192385138296,4.534811673049953,4.193747211281932,3.1074192215578513,3.4332251628242103,-0.325805941266359
4.029669191365717,2.0549900777019694,4.220540398469167,2.428985650896724,3.0609701269429266,3.0405086638408023,3.159031089075301,-0.11852242523449874
4.5951334449823396,3.909468489214303,3.4022312590293073,3.5151464673926287,3.6990655414234634,3.802270635194919,3.824209040408408,-0.021938405213489
3.852598510902677,4.440485555753154,5.0,5.0,3.4729137763140736,4.308872512959539,4.353199568593981,-0.04432705563444195
4.277630754855748,2.2778404809962853,5.0,4.133278021425542,2.5817513040473217,3.4928595737198944,3.6541001122649797,-0.16124053854508524
2.2191342427666223,3.085738113374127,2.7681425582332295,5.0,2.0459614333999103,2.8676075018500744,3.0237952695547774,-0.156187767704703
4.290984120441218,3.1744990321499476,4.334916049099301,2.4418305765563098,3.1978861594187737,3.410030511775555,3.4880231875331105,-0.07799267575755531
2.566628340172578,3.365123802565244,3.769459784574637,4.112829959585908,2.55587647541715,3.2126598981191976,3.2739836724631033,-0.06132377434390568
2.8408789563108714,1.4779236921083458,2.176736034918443,3.2797634128308792,3.166858926656816,2.4858581812365337,2.588432204565071,-0.10257402332853749
3.525341283422282,4.159980252750216,3.8889024508969205,4.6244199622147875,3.1660821239408166,3.8400756989754234,3.872945214645005,-0.03286951566958152
3.981457027022511,4.3070847878060645,2.3331294635013,2.2490720986799957,2.910287881273654,3.045234379337202,3.1562062516567053,-0.11097187231950345
4.8023627606768855,3.494810222075656,4.836661009393252,3.9125782899044914,3.3551116467042497,4.031984421306371,4.080304785750906,-0.04832036444453536
3.834694775395139,3.747615504518756,3.8053071926620117,2.1051681128860116,1.2198211092002218,2.68838643699704,2.9425213389324276,-0.2541349019353878
1.936782895143889,3.797672218041069,2.738905736203866,2.354823996038437,3.595918834279649,2.795044762175846,2.884820735941382,-0.08977597376553614
3.2131552920860242,5.0,2.7346026202524927,3.3310646753993476,4.166506437446424,3.606037290646564,3.689065805036857,-0.08302851439029313
4.298858259939585,1.96096296178488,3.7867173118793773,1.0784733976634682,3.185014801275569,2.5585933028510226,2.8620053465085755,-0.3034120436575529
3.105065065786254,4.4128578785289525,2.846977961948447,3.489251484460412,4.825663942122705,3.6600988901970037,3.735963266569354,-0.07586437637235033
4.189991851360041,3.872790951013324,3.638121437173739,3.1957597811242118,5.0,3.9348819815156033,3.9793328041342635,-0.04445082261866018
4.514759138460676,3.0953367402719763,3.093808313914126,2.524379450322971,3.6455271443581756,3.310931323855047,3.374762157465585,-0.0638308336105382
3.0885648544156052,4.4662028698453735,3.7134160345355265,3.5457724880924752,5.0,3.905079952425935,3.9627912493777964,-0.05771129695186117
4.826080199238925,3.5245653856217225,3.1883169246797456,2.5777252167800215,4.4122027065418905,3.614354392994264,3.7057780865724608,-0.09142369357819691
3.606258560030663,2.9533946310078405,4.353493347776247,4.814536146837159,3.343356482295858,3.7548334049030725,3.8142078335895535,-0.05937442868648102
2.3473888365005706,1.5058479029793546,3.1920202109993876,3.2928008258204104,1.469710624643866,2.2255933465816446,2.361553680188718,-0.13596033360707338
3.2040163623718123,3.445447956204741,2.305843210446395,2.502255149511465,5.0,3.1667542187596305,3.2915125357068833,-0.12475831694725281
2.653523505944364,3.881775834277962,2.2973039863734783,4.756144840662681,1.8636404201900836,2.9129820607862773,3.0904777174897142,-0.17749565670343692
2.5052832068102906,4.235805968177363,3.687930275191282,3.4250793765164094,4.62019229309652,3.617272742210025,3.6948582239583727,-0.0775854817483479
3.8435013235922133,2.5161912187961186,4.3989953120326115,3.1539044089795647,4.656722423056188,3.62368643986972,3.7138629372913394,-0.09017649742161948
3.5352777194016434,1.2386922126285045,1.8665618653077771,3.1847180953729386,3.8252312819501837,2.5097566017396167,2.7300962349322098,-0.2203396331925931
3.4535574232364397,3.2828715643763116,3.00253750705408,4.677008656631914,3.4885547031373725,3.5393584255685067,3.5809059708872235,-0.04154754531871685
2.9735380242405762,5.0,2.3599554070610984,2.625129358409415,2.246329472013309,2.9050545534042627,3.0409904523448796,-0.13593589894061697
4.020300454319303,3.5475745150472955,2.8463443522211493,4.495947809620298,3.6888350117992665,3.678219089302364,3.719800428601462,-0.04158133929909802
2.780400811593433,4.184997950630623,1.9465206193253646,1.940566978085246,4.184654219672263,2.8374614893172416,3.007428115861386,-0.16996662654414418
2.5892050399855684,2.9334191501936813,3.964615722066051,1.6713849762419697,3.4704321366824233,2.808279587111406,2.9258114050339388,-0.11753181792253287
2.906671383812127,3.21094869725198,2.7916684542433443,4.819102861426457,4.658811691306633,3.5762419953102467,3.6774406176081085,-0.1011986222978618
3.105354558279489,1.8951422117431496,4.7378226572160305,3.7260578559264803,4.374107809640898,3.4001194552065277,3.5676970185612094,-0.16757756335468166
2.178611553493159,4.20302396013423,2.838394490650555,4.511352881931517,4.321662242757763,3.4749967992570077,3.610609025793445,-0.13561222653643723
3.061579238415719,3.351109381437341,3.535408145880396,2.493979466559681,4.803699582157989,3.3698337514009697,3.449155162890226,-0.0793214114892562
4.530245581703041,3.866062143024535,1.436512121677901,2.918060175178189,1.8125272787501212,2.6595963803738187,2.9126814600667577,-0.2530850796929389
3.23128898106732,3.2143115520132612,4.371525801705747,4.114908814491708,4.227094267869558,3.7975175773208987,3.8318258834295187,-0.03430830610862001
4.236305529268392,2.7255999182289656,3.015980804463535,3.260981909627094,3.3484539360811896,3.2810597160478734,3.3174644195338354,-0.03640470348596203
1.8884138588921198,5.0,3.384047725665931,2.7011200011728755,3.672377250797836,3.163726745585781,3.3291917673057525,-0.16546502171997135
1.418249588756407,2.6214857706497243,2.225389568758727,4.476086675933503,3.7219041947462412,2.678391014319505,2.8926231597689207,-0.2142321454494156
4.617362786021565,4.926673359333325,3.0653267629132355,2.2693695468715687,2.11929273756925,3.19966229401633,3.3996050385417886,-0.19994274452545868
2.5015413675160687,2.928720110409883,2.1003685239765137,3.6776908866200286,3.0311245606578257,2.798156581242495,2.847889089836064,-0.0497325085935687
3.733778201331972,2.318358668234046,1.34022341954201,4.3155977913291546,5.0,3.0178903900402316,3.341591616087437,-0.3237012260472052
3.138281149455632,5.0,3.671560624097957,3.587617703249384,2.9570543506039533,3.607743096115125,3.6709027654813853,-0.06315966936626038
5.0,3.119335337129868,3.8911734333187473,4.87623189631507,4.151206008435065,4.148339186186659,4.20758933503975,-0.05925014885309121
3.167647100409215,2.4068153138482153,3.313776547319084,5.0,1.8848348417110337,2.98778413413521,3.15461476065751,-0.16683062652229985
5.0,5.0,5.0,2.9033901839532956,1.4343068975281321,3.4937473902728895,3.8675394162962853,-0.3737920260233958
2.690080889193678,3.77750306423991,3.6362549145569143,1.0245904060013955,3.6406181549256527,2.678366351196542,2.95380948578351,-0.2754431345869679
2.908657980592146,4.20286055171117,2.9466704115256093,3.5460617022089416,1.7837571937869106,2.9616262116954224,3.0776015679649555,-0.11597535626953315
3.5494671447738106,3.3283223717901,2.438596832867815,5.0,3.79930623900983,3.5289099076808026,3.623138517688311,-0.09422861000750826
4.154991040256299,3.606147679508606,5.0,3.5822781748769823,4.202410529893024,4.07800991561302,4.109165484906983,-0.031155569293963126
3.6652592113260747,4.085369628517608,2.297045958466767,4.563041394876206,4.194140567052018,3.6616819982049567,3.760971352047734,-0.09928935384277748
5.0,4.391825300072615,2.948295202832361,3.361598803525297,3.6259189333943307,3.796907345934646,3.86552764796492,-0.06862030203027425
3.200298953077978,3.325989937797767,5.0,2.732946697175624,1.4047589631792943,2.8977631918545628,3.1327989102461324,-0.23503571839156967
4.383021883586415,3.4037094550819926,3.907330461062992,3.466085148990516,3.059324198156426,3.61588157664863,3.643894229375668,-0.028012652727038123
4.226953257889277,2.084495242209649,4.833904299113136,2.3524726441131354,5.0,3.467082672946729,3.6995650886650395,-0.23248241571831052
5.0,3.0683079791744055,2.9057802551107605,2.313890697029156,3.7970866047578706,3.3005400953915283,3.4170131072144385,-0.11647301182291026
3.149565453549452,3.320834517451898,2.3825948958947696,2.4977660016545133,4.295047024698236,3.0578315026129075,3.1291615786497737,-0.07133007603686625
3.2420508239343615,4.655596918006737,2.904287654325333,2.837373061451265,2.7688525070645484,3.216697463124345,3.2816321929564487,-0.06493472983210369
3.1627018174487866,1.6455941078315297,4.067829755708297,5.0,1.9160500024957379,2.893504197373883,3.1584351366968706,-0.2649309393229875
3.5513814419788203,3.923923423845626,3.3919024280641863,2.2233247778866407,4.756201136947587,3.465491700660859,3.569346641744572,-0.10385494108371285
3.6124436875757198,3.033725481142458,4.52390204635065,3.8527535702178026,3.1220035572800815,3.590037926276902,3.6289656685133425,-0.038927742236440466
1.6759405441537594,4.621700217972571,2.0474722892944515,2.4910948558224075,3.59299305665957,2.6941700937268194,2.8858401927805515,-0.1916700990537321
2.2392308816828717,3.295438161238573,3.5741567200609285,3.339545329503322,3.8476781443660473,3.2063752124061295,3.259209847370349,-0.05283463496421925
2.1508951111062555,3.6321148761180715,3.8829945873621643,2.7251186196229846,1.5743875956851323,2.6478204545527912,2.7931021579789217,-0.14528170342613045
4.605500801041459,3.362048661606563,2.927253725334957,4.152511369962755,4.64698482637549,3.8758294814224143,3.938859876864245,-0.06303039544183076
2.74786536034461,2.480107751207587,4.289518739449335,1.5173918162550408,5.0,2.9456996426397097,3.2069767334513144,-0.26127709081160466
3.2011286594960504,3.1569894005256587,3.777612584132414,4.533261829529176,5.0,3.867540725442047,3.933798494736659,-0.06625776929461225
1.4363097920066399,2.321313491894867,3.461846942020619,2.9434997874116364,2.715025028618221,2.4716417648923947,2.575599008390397,-0.10395724349800206
2.5908492904559477,2.8604735539577857,3.7250681821559435,3.681784704945286,3.88543341668114,3.3059968456284206,3.3487218296392207,-0.04272498401080016
3.313723867347087,4.59016358591246,5.0,3.575986582321161,2.9609915072830253,3.812321384273493,3.8881731085727465,-0.07585172429925358
3.924999065143991,3.049421076550268,3.7488421087160795,4.493273763584298,3.960662276437457,3.8058963745257746,3.835439658086419,-0.029543283560644618
3.791531175498015,3.969725800891281,3.0892581564351933,4.318068596649939,2.1499522430982925,3.3653445811634826,3.4637071945145435,-0.09836261335106089
4.272927015985743,3.3856771840357336,2.725590403751869,2.516997214470895,2.8893083742981407,3.1009991621387027,3.158100038508476,-0.057100876369773346
2.9083332728826647,3.86795129074285,3.1656293593254055,3.41801264034455,2.8559544458806547,3.2227159962884953,3.243176201835225,-0.02046020554672978
4.361742472229539,3.4982002958599083,3.9100684025482044,5.0,3.936962776117325,4.111157092674205,4.141394789350995,-0.03023769667679055
2.6027068900842965,2.588765448038673,4.008605244857612,3.7908189378166917,4.1171531722876855,3.34940962776121,3.4216099386169914,-0.07220031085578116
4.0104314317301615,5.0,5.0,3.9285728184199913,2.8137916265438268,4.0637929156044725,4.150559175338796,-0.08676625973432373
4.2741346223852785,5.0,2.690696062906934,3.407000544901118,4.263019356329542,3.8402055455994626,3.926970117304575,-0.0867645717051122
2.2989720424851203,4.746526903293599,2.3962324154144135,3.2898580209340906,5.0,3.362924731563298,3.5463178764254453,-0.1833931448621473
3.116259366576131,2.331143065945648,2.7951826131541186,3.636748032811473,4.19343953507928,3.1490478638994035,3.2145545227133296,-0.06550665881392614
4.4736662809771,4.026135711851235,5.0,3.6513567830208893,4.728890309737174,4.348576373629984,4.37600981711728,-0.02743344348729604
4.110978242679059,3.5885206423280276,3.337649462111298,2.721491747515792,1.5607009820606423,2.9112909815641004,3.063868215338964,-0.15257723377486343
2.4326085099212067,3.395506617306799,2.923115923180494,4.014305616619123,4.2935228505521215,3.34079179719147,3.411811903515949,-0.07102010632447886
5.0,2.682714696551641,4.312202278794535,2.80875441246368,4.554811664228355,3.7483968295188355,3.871696610407642,-0.12329978088880633
3.9175793683458555,3.033439765378899,5.0,2.865750174729397,4.366338930798504,3.751939191920972,3.8366216478505306,-0.08468245592955848
4.004575052961435,3.5324282666829876,3.63106538701105,4.8768698381139055,3.0756933442562815,3.7787626250202786,3.8241263778051318,-0.04536375278485316
3.4371072157850016,1.9813595170890297,4.377795327492056,2.364161188155375,3.3763095168899757,2.9874884223409555,3.1073465530822872,-0.11985813074133178
2.0748726099048906,3.537204361826891,3.90058404071026,4.03365950438752,2.0433172789444187,2.982381895721398,3.117927559154796,-0.13554566343339802
1.398926954431011,2.2843276272108684,3.3575460140812794,3.8617798788200215,3.6399214032273988,2.727036714982031,2.908500375554116,-0.18146366057208496
2.556533031488761,3.0029192571093475,3.2798276810962768,3.8817712320754993,3.6659369872061327,3.242292596499855,3.277397637795203,-0.035105041295348194
2.9868482221844523,4.899273120325796,2.66015433066591,4.96599319314238,4.49080995882153,3.8700492073771957,4.000615765028014,-0.13056655765081837
3.539943564049512,3.9185447232182455,4.343079604957053,3.7638137931786915,5.0,4.0822858715390735,4.113076337080701,-0.03079046554162712
4.302580682665309,3.1066965875156205,4.4262593723804695,3.1242058452735213,2.252981691660569,3.3412764151753778,3.4425448358990978,-0.10126842072372
1.6362028694561361,4.125769748691655,1.687136033206219,3.2795214419100502,2.994331689467665,2.56874222008689,2.7445923565463453,-0.17585013645945535
3.151699074694089,4.60925848473644,3.745247085775415,4.272622753678641,3.901381752210094,3.904036380036114,3.9360418302189357,-0.03200545018282153
3.0271892843150434,4.924626972930289,4.405825479855711,1.4395594663289302,2.8290828911712627,3.058180380669978,3.3252568189202476,-0.2670764382502697
3.130102946076486,4.842761291187189,2.8523966746555587,2.0779290235505394,4.685424918074193,3.3484842416674105,3.5177229707087934,-0.16923872904138282
1.9545158206535742,3.8708648131563352,3.4275443820528673,2.4356176084795402,2.900530993208947,2.835197905600798,2.917814723510253,-0.08261681790945508
2.656054680736583,1.864450470703617,3.766433329732164,2.7552759679188332,2.9331612527874134,2.726740684222403,2.7950751403757224,-0.06833445615331923
3.527477388345741,5.0,2.13966399245921,2.8566341301015887,3.185832830490285,3.2149297316080343,3.3419216682793644,-0.12699193667133013
3.615277279232091,2.7914356819505324,2.7364330687399807,3.2645040853449876,5.0,3.3945972702679064,3.4815300230535184,-0.08693275278561208
5.0,2.2741310078446766,3.992233661094236,3.576420159648225,3.230037848527987,3.498899887437987,3.6145645354230256,-0.11566464798503873
2.7389787533514,3.741114997701816,2.6891651694094145,1.5090057741428482,3.849649726083542,2.7597126431633843,2.9055828841378046,-0.14587024097442036
4.987405693927892,3.3437712788994425,4.710918612929557,2.602110090852128,1.9357695062987346,3.3073429781358303,3.5159950365815504,-0.2086520584457201
2.7813665658752917,4.352226467688927,2.2815198608321214,1.7780416207219307,3.694521435661189,2.8296897167098045,2.977535190155892,-0.14784547344608745
4.75620047811206,4.240183528245003,3.307160889422464,3.059609548347331,4.063048619617414,3.83463146376645,3.885240612748855,-0.05060914898240476
3.282160111924847,3.3957226681474815,4.5150535932089655,1.8499681516307163,4.165132708683806,3.293893827390611,3.4416074467191633,-0.14771361932855243
4.269537413578751,3.2443820865557806,3.05344711454651,3.1253327454108066,2.910289909790134,3.288721877264425,3.320597853976397,-0.031875976711972065
3.2047357938101277,3.0827636495294897,3.5226372705616322,3.304887229396529,3.140831819449623,3.2475836226927477,3.2511711525494804,-0.0035875298567327185
5.0,3.7083021835104,3.4782187422411854,2.1915433264525177,2.1449187923895865,3.135686133468639,3.304596608918738,-0.16891047545009918
2.9371344358958065,3.2775759692178346,2.250732936721453,2.8165643549964012,1.0708178685756375,2.306997741292568,2.4705651130814266,-0.16356737178885838
4.877685381592856,4.379822363425782,1.9786890715608736,3.646911225201176,3.9969080378393986,3.613594668111504,3.7760032159240167,-0.1624085478125128
2.8718846038813997,4.550617452764425,3.0411075364033637,3.604904741226392,1.3812676735256555,2.8793081491049506,3.089956401560247,-0.21064825245529661
5.0,3.2233159173653747,3.414963610672138,2.275872642503975,2.831585347035046,3.235693033011148,3.3491475035153067,-0.11345447050415869
3.5773215220252212,1.741007454114653,4.619163400439667,4.172497156107591,3.9960686581793814,3.437084303091676,3.6212116381733024,-0.1841273350816266
3.6347508672830453,0.9402616735281049,4.607960307687337,3.4406812824703454,2.8357044036919445,2.737206123889987,3.0918717069321553,-0.3546655830421681
2.335167661188512,2.593355864638297,3.0573130160178996,3.4131014471899253,3.8446451466355938,2.999888473836317,3.048716627134046,-0.048828153297728605
3.1133060780430872,3.13235812868094,4.06536998740064,4.219043828876356,2.8378873267935143,3.429892419353462,3.4735930699589077,-0.04370065060544581
4.4015353445872725,3.4002400723118233,2.5822141577954256,2.4050135253178344,3.111891230791506,3.1063443192648017,3.180178866160772,-0.07383454689597047
3.242590680137879,4.99012643640175,3.891854663576362,2.813217830302075,3.0955886219572895,3.5303793917855333,3.606675646475071,-0.0762962546895376
4.005795726430272,5.0,2.757945232378149,2.7230160317851904,3.7666958844126692,3.553456794432481,3.6506905750012555,-0.09723378056877463
3.356860821033676,3.571217842356874,3.569715036356353,3.1346927687817545,4.86003685547845,3.6546311726766625,3.6985046648014217,-0.04387349212475922
4.00555969318558,2.8130272788980903,2.731120382438875,3.1562183293708217,2.668066618517904,3.0388435411326173,3.074798460482254,-0.03595491934963668
2.89084106127075,2.806799671347994,3.103447980799194,1.4019178638587948,2.8182352312716072,2.5093196200646846,2.604248361709668,-0.09492874164498355
3.7358823377248864,2.171316339389838,2.8773159456429553,2.8079955499060505,4.305311671005559,3.0910139911016006,3.1795643687338577,-0.08855037763225715
0.7370347740612408,2.8152013240020457,3.8359160930102765,2.093152409677989,1.6242930877391004,1.934044029375081,2.2211195376981308,-0.28707550832304984
2.698838147628111,4.671983181225553,4.0840451408396845,3.441481990380416,4.873184499421684,3.8660316040632856,3.953906591899089,-0.08787498783580361
4.888021482679568,2.5505383888187594,3.0286701537989957,2.1520806231946663,4.453402198465906,3.2487289681348996,3.414542569391579,-0.16581360125667954
2.1753714224140275,2.909651847013147,4.790659558840256,1.6920563174215948,1.619631128126384,2.4205838802071673,2.6374740547630817,-0.21689017455591442
3.034749386738174,4.006315046524777,3.523151465811247,2.873110741193596,3.416218807906333,3.3476454693932167,3.3707090896348255,-0.023063620241608795
2.5401763010664595,4.257304547674871,3.060006980372864,4.258365956641801,2.3474554295778782,3.190893184913151,3.2926618430667745,-0.10176865815362346
4.866517560695097,3.8922989844382685,4.212583273582188,1.5940809842451062,4.202007721150738,3.5122712018347912,3.75349770482228,-0.2412265029874887
4.528553524136103,4.124518478365994,3.494513504214873,3.9863313750615026,4.397940896274095,4.089860110510456,4.106371555610513,-0.016511445100057642
3.7603393745289524,3.5018515684490072,1.9255854848810057,4.999818974323198,4.1696777713635615,3.5045226474079723,3.6714546347091455,-0.1669319873011732
2.62692789338784,3.923558797185432,4.386860428137051,4.134935246893778,3.405205041680244,3.637297490694912,3.6954974814568695,-0.058199990761957476
4.528617713847716,3.7451427657982665,1.9598651973469934,4.440268923438608,0.9954031505371965,2.7127745653421584,3.133859550193756,-0.4210849848515976
3.9750956499847443,4.59186220408858,1.5380902312879006,4.868417050380316,1.9832466792134007,3.0663134707130983,3.3913423629909887,-0.32502889227789034
5.0,2.5860316344980765,2.1672179799320164,3.451502403057635,2.420020968885936,2.977602691551168,3.1249545972747326,-0.1473519057235646
3.80782190976941,2.9755628860525967,3.315283136810216,4.399673402791543,4.311778905132501,3.7202203300794996,3.762024048111253,-0.04180371803175342
4.152436458001965,3.1695918895060866,4.18812766850481,3.840106108017172,3.8917242205141394,3.829678417312284,3.8483972689088346,-0.0187188515965504
1.9066030595433183,3.6595694166602337,4.135582768773958,3.151612643591903,4.875335422037095,3.3833962635178336,3.5457406621213012,-0.1623443986034676
0.9300876437313446,2.579536061713458,4.311262704702613,2.757055581175475,2.554377453407682,2.3576542266570804,2.6264638889461147,-0.26880966228903436
4.107984047539951,3.9055288338417817,4.012966262822381,3.380597551286585,4.711851923775134,4.001214577237352,4.023785723853166,-0.02257114661581383
3.020750173688937,2.4360490044132206,3.3143331331919073,4.955708677270531,3.29102722800088,3.3107534963230107,3.403573643313095,-0.09282014699008423
2.7786526992756175,3.1095686835539884,5.0,3.909802351334081,3.6967524549159356,3.623230136424583,3.6989552378159245,-0.07572510139134137
2.600292432833868,4.694133458364004,2.731433608826434,2.7228729958939315,3.3310926465122686,3.1341261575268264,3.2159650284861017,-0.08183887095927522
3.448455654049769,3.8141531971064913,2.5374499113615516,2.175538700878235,4.44100069158053,3.1746334072757354,3.283319630995315,-0.10868622371957981
3.9795788420534546,2.4214986814930124,3.566537548611688,2.3677918118061667,3.480240278730366,3.0933152228535072,3.1631294325389376,-0.0698142096854304
3.844239699013408,5.0,2.9977491460858543,1.9850486383761017,3.240001337976408,3.2642124637667704,3.413407764290354,-0.14919530052358354
5.0,2.498891618213273,2.9408741024143996,2.1199160837850126,3.628665827148222,3.0920883924731326,3.2376695263121817,-0.14558113383904914
4.080494336041324,3.0990758533706764,3.2713661397882583,4.04189569146991,3.8477554185673237,3.6449648112050084,3.6681174878474985,-0.0231526766424901
4.340708350310569,3.850754530510342,1.2990629832414218,3.101555572830831,2.7207398949634594,2.8353106443410634,3.0625642663713246,-0.22725362203026123
3.5443286717740192,4.5112351440532965,4.621540096514582,2.98447129086687,1.5205810649309195,3.1996216914465374,3.436431253627938,-0.2368095621814006
4.53330414563783,4.360195057705697,2.7229308472014373,2.6672361958616233,5.0,3.725613285642567,3.856733249281318,-0.131119963638751
2.032564291093876,2.5358163961195586,4.146690979319704,5.0,4.141274689883804,3.3821554313858657,3.5712692712833887,-0.18911383989752295
4.633365487444049,3.4397386931877034,3.6821717793233977,2.536544960208566,3.414906790346556,3.477198591344101,3.5413455421020545,-0.06414695075795374
2.946454128925763,3.144459807242991,3.3175140728398063,3.4035419598622427,4.16777425288285,3.3720869191312723,3.3959488443507304,-0.02386192521945807
5.0,4.3125026181013375,4.080560003293257,4.585847227140001,1.6209756564053213,3.656983862982426,3.919977100987983,-0.2629932380055573
4.342283285378933,3.058972344235645,4.7922489374359944,5.0,2.81655257403852,3.8949706366294525,4.002011428217819,-0.10704079158836644
3.802429152491447,3.304991929836454,3.659825124899535,3.266343673519893,2.5800565687436405,3.2936435381899174,3.322729289898194,-0.029085751708276764
3.9976922085043625,3.7174715620508842,4.357597449377047,4.255786384884451,3.504604613974595,3.953525944954662,3.9666304437582682,-0.013104498803606202
2.899248471863541,2.031481423072935,3.4612829855986065,3.143460937494434,4.348603471634338,3.083320391847194,3.1768154579327708,-0.0934950660855769
4.335672490155977,3.473283009931945,3.9251441598141614,4.035482059428073,4.39899021389755,4.019574976187708,4.033714386645541,-0.01413941045783318
4.182941953005186,3.5948519544751116,3.731727052289737,3.281060562613442,3.5160385365337263,3.6494558858349335,3.661324011783441,-0.011868125948507391
4.032348270999249,3.1244038327971637,5.0,3.4908932727549997,2.8074683910791016,3.6150085559965857,3.691022753526103,-0.07601419752951744
3.555634949460455,3.5308178503287126,4.328629482246701,1.851563729568986,5.0,3.470006692624964,3.653329202320971,-0.18332250969600672
3.6731869934558414,3.8257610537287987,3.3250370913012066,1.0150070586832909,4.377642201135432,2.9070556109099965,3.243326879660914,-0.3362712687509175
3.5731548090790612,3.308644150399922,4.010439980810748,5.0,2.6559261087661463,3.629242444915054,3.7096330098111756,-0.0803905648961214
4.9682208665080445,3.776616470854338,3.3316404966593955,2.870798476216121,4.237323172223499,3.768870723990334,3.8369198964922795,-0.06804917250194542
3.732557460195,1.19727661158905,3.5444719856081366,3.5334859720537275,3.3008213194739695,2.8399819985867145,3.061722669783977,-0.22174067119726226
4.307790768893746,4.639911585623253,1.8206620434707599,4.804918753032164,2.7819750092388476,3.4467245975033407,3.6710516320517543,-0.22432703454841363
2.2700645710737293,3.8408387913866804,5.0,2.4870184640914177,4.114798172434851,3.3876019050329456,3.542543999797336,-0.15494209476439025
3.085602405599904,3.1620041860427395,4.394992809114736,3.3898301853164634,2.682897685507732,3.2976801148844777,3.343065454316315,-0.04538533943183731
4.274087077944204,5.0,1.9831932918021251,3.047963938436214,5.0,3.6478052896407984,3.861048861636509,-0.21324357199571065
3.0539750237732317,2.8982961133420146,2.344332890545056,3.561908744893699,3.6337250720213237,3.06064158029805,3.0984475689150655,-0.03780598861701545
1.734356466858411,3.611103255544702,4.12032304201592,3.8098251824281597,3.0872688332265863,3.1364459435349366,3.2725753560147552,-0.1361294124798187
2.9602069674363714,3.871075493285099,2.9168669845068607,2.9403379637499407,4.339246899040444,3.35719363508985,3.405546861603743,-0.048353226513893066
3.986768519774094,2.9947228493299995,2.973732716286114,3.490219106787766,2.756133873305269,3.211341691185922,3.2403154130966483,-0.028973721910726447
3.095470628921456,4.740249511387747,4.308145607105871,2.885826517224372,5.0,3.9085142294488566,4.0059384529278885,-0.0974242234790319
3.5876823045129798,2.836777637089014,4.2170138114045566,2.849750916540639,3.581806077696292,3.3752865866473085,3.4146061494486966,-0.03931956280138804
5.0,3.0439186481536806,3.323982015016283,3.6041602498349326,2.4094618124748304,3.3772030296653446,3.476304545095945,-0.09910151543060053
3.2822808424561862,4.284250853061195,3.087008696583622,3.040351474981085,4.63132101614226,3.607808122607337,3.6650425766448698,-0.05723445403753269
3.7135753996055505,3.033429643947357,3.4740475675937206,2.9526827058857457,3.9327422757843085,3.4001246604689648,3.421295518563336,-0.021170858094371248
4.863402036258753,4.321138657510385,3.374293114870047,3.002136654433771,4.01157887260195,3.8573886168724814,3.9145098671349814,-0.057121250262500034
3.826369587566272,4.934051662472169,2.0423413568486364,4.491730985350665,3.02863937859547,3.499097537442377,3.6646265941666427,-0.16552905672426554
3.374564272879411,4.195971965519634,5.0,3.515538758225309,3.860697601678883,3.949440655870294,3.9893545196606475,-0.03991386379035333
5.0,3.2822275679258386,2.1506308383128485,2.0630865645436973,4.17743606276799,3.1378079926293583,3.334676206710075,-0.19686821408071653
4.03834058160161,4.212807799459955,3.0031378721531685,2.1912815470604983,3.7438620450960824,3.345596612611192,3.437885969074263,-0.09228935646307113
3.696455795822873,4.654058182989358,2.0711793379882817,3.2224114770193326,2.26266372245989,3.0403753860742664,3.1813537032559474,-0.14097831718168097
3.781820167210731,2.949811117574736,4.344113240254969,3.748772875117316,1.7266798585913314,3.157180663381198,3.310239451749817,-0.15305878836861897
3.4540315598591746,4.52094783987978,3.142398668471299,4.353335565784922,3.2894137456920007,3.7098089579264615,3.7520254759374354,-0.042216518010973925
2.427318996386191,4.884781753378758,1.0088587804452924,2.7933714798847324,3.216712676892885,2.548406314874259,2.866208737397572,-0.31780242252331314
1.637401948127325,3.233457802328337,2.6967802046431997,4.118743946871829,2.988098760257575,2.81167784361364,2.934896532445653,-0.12321868883201326
4.4494270218958505,5.0,3.5031833008161097,3.969007168033425,3.0071392048359975,3.923868766895664,3.985751339116276,-0.061882572220612
2.0868486770001917,3.4234024854492073,3.0064500454442866,1.8826105722395379,2.768884444072026,2.5692930809046737,2.63363924484105,-0.06434616393637649
2.947657123351139,3.7012493670488116,2.912835751396266,2.0543421794812353,4.5005921142545,3.1161384774161394,3.22333530710639,-0.1071968296902508
3.0488635095663748,3.1383975960898347,2.104072446061242,3.072271498808187,3.0794373743482777,2.85737684110653,2.888608484974783,-0.031231643868252945
5.0,2.8026618473831157,1.2600745878058204,4.689099504182478,5.0,3.3373309987121753,3.750367187874282,-0.4130361891621068
3.380490676203673,1.9966963904651243,3.5436733547258403,4.138207753051673,3.6710195238871166,3.251388673762298,3.3460175396666854,-0.09462886590438746
3.905119878939651,3.1389000455992693,2.5095556519271285,3.125142752515618,3.9048323025184306,3.2726245731153565,3.316710126300019,-0.04408555318466245
3.431240957983831,4.802617456826402,3.6353968032498876,5.0,4.413707333113609,4.209697737982624,4.256592510234746,-0.046894772252122685
2.009112524185817,3.191521206896941,4.162810220712781,2.8292948886813862,3.2719673943765177,3.0100600376664177,3.092941246970688,-0.08288120930427034
4.370280998774157,3.07337348452677,2.673214531914904,4.189997582136586,5.0,3.7606979938028307,3.8613733194704833,-0.1006753256676527
4.197982872983081,4.545491178549963,2.9182959343677535,2.722864057287624,1.6733393418938947,3.026022539435069,3.211594677016463,-0.18557213758139435
4.103200016500494,4.321906174651529,4.097659821819247,3.542900062896561,2.9353389092967475,3.7641785488158814,3.8002009970329147,-0.036022448217033265
2.894476967301779,1.5638208726687426,4.397976653095277,1.223077794887364,3.1817673081770215,2.386857568237487,2.6522239192260373,-0.26536635098855044
3.416822403986641,4.362302053646457,3.0321869039439115,1.735330215465524,3.2990125421719587,3.0378899738699894,3.169130823842898,-0.13124084997290852
5.0,3.956276532343033,2.890466261024382,3.241582732928348,3.3768848681166803,3.624929650707944,3.693042078882489,-0.06811242817454533
1.5736721596235967,5.0,3.4379669570836846,3.1423494467407473,3.513849249851518,3.1264012367544454,3.3335675626599093,-0.2071663259054639
3.8359743216330107,3.1389046395503417,4.726636845639163,5.0,3.7731302451406927,4.038086057236598,4.094929210392641,-0.05684315315604227
1.6409001275737696,2.0524147885675452,2.34254712492985,2.996213240548573,1.1727321039975669,1.943396564746736,2.040961477123461,-0.09756491237672504
4.7926273218276485,2.2990915992086802,4.3716961386546,5.0,4.320125481796492,4.012816065394787,4.156708108297484,-0.14389204290269664
4.289433555043156,4.918502658912609,3.020012110263091,4.124393762340771,3.5549374083496095,3.9272335020294036,3.981455898981847,-0.054222396952443574
4.815060703505311,4.342998354641927,3.068785246156015,3.1447528964609393,3.1786364774168465,3.64281455841991,3.7100467356362072,-0.06723217721629737
3.7984207124040124,1.5033831982291905,2.7607898491715366,4.62541293815787,2.5810694789793427,2.850567062481883,3.0538152353883907,-0.20324817290650765
5.0,3.4643133443367464,3.9457509256795684,2.9373582658213477,4.075650969582019,3.8244954502698727,3.884614701083936,-0.06011925081406311
2.8126821733243204,4.633582453840413,0.731382582024275,2.4219688911803456,3.4260130132470765,2.3967787617806326,2.805125822723286,-0.40834706094265316
3.061944835486156,5.0,1.5700791155791072,4.476360025363572,3.716512664110405,3.314285416204205,3.564979328107848,-0.2506939119036433
3.8392881259332743,2.447085554801549,3.013386377099796,4.054650969067693,5.0,3.5626702881798105,3.6708822053804626,-0.10821191720065215
5.0,4.280681058412364,2.148459843455994,5.0,3.4827928888931523,3.808040458464767,3.982386758152302,-0.17434629968753468
3.186405412407001,3.4762811863391283,2.5783150291338757,1.9597966076303508,2.7338735221854424,2.7349429147864184,2.7869343515391596,-0.051991436752741205
1.3385863638817832,2.2578438816058886,3.362488424415819,4.720449569786802,3.101437150418952,2.7196279145998106,2.9561610780218492,-0.23653316342203867
3.8430273955846315,4.6307105836711715,4.497425402723825,4.422184327003075,3.9506682406347426,4.25714554212829,4.268803189923489,-0.0116576477951984
3.4807119258181762,3.6533859871227676,1.991681633694667,5.0,4.414791190804678,3.543992107331494,3.7081141474880583,-0.16412204015656418
3.3831882126228865,2.376222174528176,4.478832107360341,3.2041945076614153,3.6359652702277905,3.346133907627049,3.415680454480122,-0.06954654685307293
4.098459144979219,3.4481983361444977,5.0,2.303690164573247,3.1419353786735096,3.4814553832816166,3.5984566048740945,-0.11700122159247783
1.1543844637759504,3.9887525196707476,3.2204960140712826,4.199435589159445,4.301337228368695,3.0590103726776317,3.3728811630092244,-0.3138707903315927
3.397972836793737,3.051369097645438,3.7635439540313818,2.34505963611081,3.605923474328621,3.189307596163132,3.2327737997819974,-0.04346620361886533
3.8257352048587734,2.648892396287321,4.563465930226029,1.315325930460237,1.7706676280164555,2.5494640548935337,2.824817417969763,-0.2753533630762295
4.184503704262055,3.684528552196797,4.3513913879018675,3.272920658640232,3.370203793131148,3.7484276628639694,3.77270961922642,-0.02428195636245034
5.0,4.022795859058938,5.0,3.986808918455556,3.7511735354647144,4.3196853743915575,4.352155662595842,-0.032470288204284437
4.3921518753229005,3.9151041026678595,4.305069999832368,4.371724658104583,2.7101742478487347,3.8780212033781534,3.9388449767552887,-0.06082377337713529
2.8236891654108778,3.1290467856999378,3.753963192164579,4.331502633060935,2.1557786062399336,3.1491426874588595,3.2387960765152526,-0.08965338905639308
3.3461302683714496,3.7548798716221414,5.0,3.2511148254635795,3.2749983004086483,3.6734189050128254,3.725424653173164,-0.05200574816033843
1.9922657428147015,1.861198440234496,4.618905601672126,3.4427287289627744,4.6906836561168,3.07867323730451,3.321156433960179,-0.2424831966556691
2.6913503742977034,2.5326619217662585,3.851761176369507,2.9964245978259054,3.4516792826473246,3.06738380569518,3.1047754705813397,-0.03739166488615986
5.0,3.7372205801658156,3.9520227049589365,3.811319974076312,2.203769417165905,3.6183947613019973,3.740866535273394,-0.12247177397139675
3.592594905721121,4.029627609155705,5.0,2.7557130399953076,3.6578911119890316,3.7378475666377473,3.8071653333722333,-0.06931776673448597
1.811449586605217,3.2758905770280515,4.042164468851127,3.1745978398452794,3.3097181923939463,3.0219680645505522,3.122764132944724,-0.10079606839417199
2.3565956138960957,3.8241881432561105,3.7422701968083514,4.4260188653702235,1.697526544445439,3.0252262371936083,3.209319872755244,-0.1840936355616356
3.8345506113868075,4.482335613192549,2.4720005097376427,2.858001638201897,4.8599858088500465,3.582555896548848,3.7013748362737884,-0.11881893972494018
4.522441159599444,4.114085415897621,2.2418537277499917,3.4654503837635984,5.0,3.730754215678537,3.868766137402131,-0.138011921723594
3.8497424861367513,2.868379391463974,4.774233854330454,4.629384400437686,3.044287601977125,3.7514242106165465,3.8332055468691983,-0.08178133625265183
4.1186171910406175,2.8937412460384766,2.209471412846682,4.551937929811039,3.3172288080243204,3.310505043037353,3.418199317552227,-0.10769427451487434
3.3157832818740456,4.076316155616929,1.721141671835082,1.9577607582975307,2.7908031007145078,2.6353110720636765,2.7723609936676192,-0.1370499216039427
4.22645852795991,1.9709458972030003,2.3347943987122513,3.594494233820902,1.7697184171628333,2.6211289300471736,2.7792822949717793,-0.15815336492460563
3.334158943156668,3.980550504733099,2.9519820265047585,3.6295177621330477,3.6494098771752648,3.4915876058486024,3.5091238227405674,-0.01753621689196505
3.369265955130722,4.174852142614362,3.4505147517416734,4.3925396301299955,2.411209565485277,3.484995209808314,3.559676409020406,-0.07468119921209215
4.530857892242835,2.9301604823935317,4.474282957399271,2.5905841585440097,3.2575309632770555,3.467498727161909,3.5566832907713404,-0.0891845636094315
5.0,3.168302405083303,4.646578255253285,3.6017734703305884,3.040139099524879,3.813010027319403,3.891358646038411,-0.07834861871900811
4.270966941858101,5.0,3.0749119895654937,4.496215689357605,3.3152787301864084,3.964050856870816,4.031474670193522,-0.0674238133227063
2.8264383838587093,3.8280678424064787,2.9661738009446887,3.9779214528859157,2.4561554190304893,3.1569344044969068,3.2109513798252562,-0.05401697532834948
2.5312504325454546,4.481344980442326,4.090055506851293,3.330546858990342,3.959639880186807,3.6085172565057415,3.6785675318032447,-0.07005027529750318
2.5786617637838036,3.674678207547405,3.113891152224256,3.1222932560643697,2.5690748995038293,2.9842384095200583,3.0117198558247322,-0.027481446304673973
5.0,3.049403611977993,2.679476149572067,2.9689139590816027,3.5269186140323874,3.359275109351861,3.4449424669328104,-0.08566735758094923
3.3864201032340353,2.3802591011169865,4.2849630517657005,3.871693981451778,2.040641732494744,3.070407281843983,3.1927955940126487,-0.12238831216866553
2.119833243201758,4.106066943828199,2.0986615993320177,1.5548171456257298,2.377823396904012,2.3222331025150864,2.4514404657783437,-0.12920736326325732
3.6767844624434036,4.058364545285238,1.539556430743945,4.327966930234739,2.824066781744932,3.087981906825785,3.2853478300904513,-0.19736592326466607
5.0,5.0,4.0866536065934875,3.9587740540676917,3.323130822646989,4.223604053509329,4.273711696661634,-0.050107643152304426
1.6791117578361534,2.7052016825220737,4.541939641414308,2.1694057240771527,1.9037604945455295,2.4327346472825724,2.5998838600790437,-0.16714921279647132
3.8690583848432794,2.4045205054675054,4.5010927816970785,3.4469905747150777,3.5901531452724873,3.4906070446923736,3.5623630783990854,-0.0717560337067118
3.71683185831704,2.9823213744055153,2.8166385515326686,3.883912874610722,3.3871688722507987,3.332061133210577,3.357374706223349,-0.02531357301277204
2.4644562092822984,3.253464414068416,3.182240649683819,3.4137798796846397,3.739977665891394,3.1811265162622075,3.2107837637221137,-0.029657247459906166
4.217320829022768,0.9544919878162381,1.7200110883825683,3.9676625047683856,5.0,2.6765106787759385,3.171897281997992,-0.4953866032220535
4.714411526958953,3.5450402871696864,3.5770916998322173,2.608068019240026,2.705708586616279,3.349930017785744,3.430064023963432,-0.08013400617768784
2.9292550660106698,3.6220337959989157,2.8362286870130724,0.9377608141108169,2.222486586732012,2.2881075418481256,2.5095529899730975,-0.2214454481249719
2.9451618746957084,1.6125691111908893,4.864533109471958,3.29752941683074,4.301218119026901,3.1848557222508433,3.4042023262432393,-0.21934660399239592
2.1268520208629527,4.964960243406109,5.0,2.064614189717693,4.526819218582869,3.4566150978722314,3.736649134513925,-0.2800340366416938
3.139284642216448,2.85901287506195,2.688073164389011,4.076251683668798,3.7076137680883163,3.2536338210061415,3.294047226684904,-0.040413405678762615
2.5736855677620665,2.7583672095987812,3.921420925204856,2.2147998066160177,3.96658897146414,3.003865905049938,3.0869724961291722,-0.08310659107923435
2.1222113082874197,2.8243356653387877,3.6362600959147318,2.982777550127659,3.3552431645817,2.935897898880296,2.98416555685006,-0.04826765796976362
4.1639349003341355,3.1526682471441405,5.0,3.298072729220603,2.108240673953577,3.403035854671343,3.5445833101304913,-0.14154745545914826
4.95779181131911,1.1922122506627595,4.579384794286698,3.70396609004194,1.5862619842504124,2.7561203921758555,3.2039233861121836,-0.44780299393632816
2.696482070152915,2.796574291631331,2.1045358744008986,3.8554482888214254,3.815700660906679,2.9760887773770883,3.05374823718265,-0.07765945980556177
5.0,2.964793843856203,5.0,3.815484377953101,1.6692541526505205,3.4261102232890925,3.689906474891965,-0.26379625160287246
3.7365266002977537,2.9466756096476088,4.046433622924221,3.9738156106979132,4.096760411684394,3.7333974026854353,3.7600423710503783,-0.02664496836494301
4.843056249218045,4.075300936625605,3.358803155247346,3.3630538485450012,4.000915554431604,3.891091032000864,3.9282259488135205,-0.03713491681265646
2.106854226231052,2.4138915335200704,3.9576268863410613,3.5418449612149914,4.043750173728235,3.1042750193604,3.2127935562070817,-0.10851853684668189
4.340513640299787,4.470307704358323,3.744811258836273,3.4479148876143557,3.98129788823084,3.979036632646802,3.9969690758679155,-0.017932443221113648
5.0,2.324011361951159,3.5616583291774147,3.8087615999047486,3.593047922059792,3.553214790282514,3.657495842618623,-0.10428105233610863
3.2291907515793445,2.8508551695363993,2.1754378959258682,3.448110195554253,3.774783888276262,3.0424101040424927,3.0956755801744253,-0.053265476131932665
3.668331433362538,4.443774397741089,1.944450239512905,2.5132924628882214,2.599177489522258,2.905489256110756,3.0338052046054025,-0.12831594849464656
2.2739419033614205,4.621120828264179,4.4123916824552785,2.860516782274779,5.0,3.667102507761477,3.8335942392711315,-0.16649173150965435
3.968425909140079,4.3441251081716326,2.472612558459005,5.0,2.5342970755893077,3.5196610297224833,3.663892130272005,-0.1442311005495216
1.6373781325734955,1.5669974168780256,5.0,4.082450181969819,5.0,3.045198686548397,3.4573651462842685,-0.4121664597358716
5.0,3.13871693576522,3.126738616968286,3.3166649688714935,2.8926370049429857,3.424221539503886,3.494951505309597,-0.070729965805711
2.731679016520972,2.6919204758936277,3.728044281113181,5.0,2.7942192905435497,3.285796700182277,3.389172612814266,-0.10337591263198886
3.74166140470031,4.718090351589916,4.228056845120781,2.848634633646871,3.03512065454747,3.6471771064325558,3.7143127779210694,-0.06713567148851363
3.1682445041874447,3.2735169044395622,3.8055015067811326,4.299588108627845,3.8934116271548707,3.6643797137774947,3.6880525302381715,-0.02367281646067676
1.7924979905275618,2.846501576455013,1.8562475244626575,3.1721222344362365,3.3947590418292464,2.521813540529668,2.6124256735421434,-0.0906121330124754
3.611157948620262,3.1502328520819765,2.873336595328379,3.5838995476388895,3.896628239957429,3.403173488978071,3.4230510367253872,-0.019877547747316093
4.793080369921746,2.5551923189539716,3.024636216629557,5.0,4.206053989581206,3.7871391273147537,3.915792579017296,-0.1286534517025424
4.243908715012247,3.3522790627215358,2.364584305814858,3.2152009944654103,3.06776157717076,3.1928472842904596,3.248746931036962,-0.055899646746502274
3.386805441676826,3.2969838415164436,3.806929544826566,3.976216703785471,3.2821227235917863,3.5385175479004634,3.5498116510794184,-0.011294103178955073
2.5168429670015056,5.0,2.9547822081616015,2.3682457234388625,1.9236533706305126,2.7911362406513027,2.9527048538464964,-0.16156861319519367
3.6404681165850694,4.693935211538249,2.9115094991374124,3.692624555235101,4.157052970933601,3.77212997963758,3.8191180706858865,-0.04698809104830648
4.243693219247091,2.114822824879083,2.184073294417044,4.886779408182706,4.321975375573879,3.337321454142549,3.5502688244599603,-0.21294737031741118
3.4610258070226267,4.250623450156374,5.0,5.0,2.860132594450503,4.021580158133901,4.1143563703259005,-0.09277621219199972
4.347124100395772,5.0,2.8314035869270673,3.3026463469210214,1.3729487121948143,3.0841681021983858,3.3708245492877347,-0.2866564470893489
3.223587922131606,4.267042410664714,4.418738321456412,3.715093768478622,4.091613606164734,3.918553957829702,3.943215205779217,-0.024661247949515186
2.732711311919771,2.408615785665637,2.4418625121434543,2.2007057469766855,5.0,2.815288423257887,2.9567790713411095,-0.14149064808322231
2.8739810587274186,1.9081565307273987,3.29800265122081,4.536727209350458,5.0,3.331289025686623,3.523373490005217,-0.19208446431859416
3.643294076695229,3.4751540293671157,4.220203970610614,3.7579518272286365,1.4447777494998397,3.1082131698229136,3.308276330680287,-0.2000631608573733
3.0267279502351383,4.358073789342597,2.952489671553001,4.569415724959111,3.8347552403676133,3.688170034834848,3.7482924752914926,-0.06012244045664472
2.9130239505406346,2.1503464622340447,3.0221961003113273,3.6248021091547225,4.237630948854789,3.1096858230332693,3.189599914219104,-0.07991409118583448
3.694808389734407,4.63890335363971,3.8462601037179156,3.4015406296932755,3.9498641865836746,3.885623743716268,3.906275332673796,-0.020651588957528055
3.971904219296565,2.292915790177397,0.6453337380514905,3.615216596371706,3.9072304136944505,2.420108948729008,2.8865201515183214,-0.46641120278931325
3.084275490588164,3.9014972636534004,2.883647134700553,5.0,5.0,3.8694863479150508,3.973883977788424,-0.10439762987337309
4.124665106518315,3.398097357487818,3.3471667481326195,3.37266703090481,3.1333502486533655,3.459846680109853,3.475189298339386,-0.015342618229532867
3.702555510380636,3.2412087610681626,3.9572533016884615,3.9140922759827363,2.5986146145533597,3.4418748417696925,3.482744892734671,-0.04087005096497842
3.749352522120414,3.4448461673241915,3.624119229604849,3.0186084584373796,5.0,3.713821917335234,3.7673852754973667,-0.05356335816213287
3.6981714928019174,2.4151090549832057,3.426418175672735,3.475743509943366,3.2008745535873366,3.209342789146526,3.243263357397712,-0.03392056825118628
3.755383908997565,4.205433290144647,1.14214791048857,5.0,3.7410968337006683,3.203548316998279,3.56881238866629,-0.36526407166801134
1.8576318322053318,3.4743734651251343,4.480954482130163,2.85189771588786,3.63617715406805,3.128939249553625,3.260206929883308,-0.13126768032968306
3.917548331952511,3.8735657070128897,3.2421402613988834,4.264900388319165,3.9375053910733695,3.831928779751075,3.847132015951364,-0.015203236200289183
4.391363127751387,4.282930122586032,5.0,4.260457610565315,2.712779679232442,4.047960101676288,4.129506108027035,-0.08154600635074782
4.286682671245052,3.869342562429739,4.262878871551813,2.7444996158383512,4.1566324547544395,3.8135835131995646,3.8640072351638795,-0.05042372196431488
2.0736862347173197,2.3363737072954995,4.121199127759152,1.84951701736572,4.171787422679021,2.738658565891057,2.9105127019633423,-0.17185413607228517
1.9134559638931907,3.0882414713337325,3.9589459822797815,4.091074615122828,3.3688778157694914,3.1745808478032247,3.284119169679805,-0.10953832187658019
4.264309541437282,3.9825622924392565,3.3478669948431747,2.717187052842104,4.013424440671541,3.618118815892876,3.665070064446671,-0.04695124855379529
3.608199823268787,3.583053805381767,4.030488689898894,3.931660177173447,2.6573186653917285,3.525203932010347,3.5621442322229244,-0.03694030021257744
3.2364670025750266,2.028678107914312,2.5226877091834288,4.360421215887984,2.5417391102922293,2.836360617417569,2.937998629170596,-0.10163801175302689
3.8623753752013372,4.0168433101856555,2.2779827989989156,3.011013625501476,1.424580892200876,2.7298446274926604,2.918559200417652,-0.1887145729249915
4.823798938499767,3.023569103376753,4.334024830805998,3.147346445386131,2.181379677394756,3.3689553954107123,3.502023799092681,-0.13306840368196848
4.827026582237389,4.257171966007096,3.776831314849761,2.2576463697126647,4.651319352846489,3.8214845621338083,3.9539991171306794,-0.13251455499687115
2.7309321315957544,2.1831053777121694,1.9688915358574852,2.8683756259038384,2.0694856582255636,2.3367979804773964,2.3641580658589625,-0.02736008538156609
4.900772265614918,3.010422241405482,4.6612276730743405,4.704171299771337,3.9126976672325227,4.173210911423666,4.23785822941972,-0.06464731799605339
5.0,4.71297435996561,2.3494898840612484,3.5995155220641863,5.0,3.9782360006880166,4.132395953218209,-0.15415995253019243
3.9033805468618628,4.676828650427847,2.2891562250618898,0.9143589859624042,3.168515416586851,2.6098050625494946,2.990447964980171,-0.38064290243067633
4.856133628846427,5.0,4.57115709075643,5.0,4.003830946595154,4.670318545169907,4.686224333239602,-0.015905788069694893
4.098208608353934,2.930387352038419,3.8159696421897005,2.3186309967693823,4.344975201497851,3.4108968706605256,3.501634360169858,-0.09073748950933247
5.0,4.137414623081023,3.390863448618787,4.62506132329498,3.955210218989977,4.1846513825688305,4.221709922796952,-0.03705854022812183
1.291953558393916,3.3353293777655306,1.6261945837579865,3.3937575143961736,4.07352484505637,2.4959843841247173,2.744151975873995,-0.2481675917492776
4.820936709735654,3.5763656944839517,4.229543743452656,2.9682516473472136,2.198229128475095,3.4315324446133135,3.5586653846989136,-0.12713294008560005
4.005463476482324,2.4468372735484114,3.0352742101567904,4.539790012925184,2.699210169384707,3.253461354380666,3.3453150284994835,-0.09185367411881762
1.9636406608673147,3.6013207373576486,1.442713070495126,3.224682128450353,3.334991755912317,2.558922258603236,2.713469670616552,-0.1545474120133159
3.1513617398996425,4.124460635570029,2.6643999329690624,2.4009498722698703,4.478886079978911,3.2674096611870107,3.3640116521375028,-0.09660199095049204
3.8293917186195587,3.421486199385991,4.6386421192230864,3.8969547984025907,3.3886993353665456,3.8097701247758624,3.835034834199554,-0.025264709423691745
3.965727254351156,4.133266039954609,3.648827535081599,4.245301978664095,4.177112876385327,4.028198538211927,4.034047136887358,-0.0058485986754304164
4.34732064369649,3.653463921738594,3.695421871217077,4.584730767322942,3.2000342070228847,3.8637747132186084,3.896194282199597,-0.03241956898098852
2.985139983604937,3.9996435612049828,3.485929626541798,5.0,1.3167265818404723,3.072939732555343,3.3574879506384385,-0.2845482180830956
3.654943564108156,2.8477663408381284,2.2899124435691482,2.8238639168822357,4.466484671707894,3.130420676370475,3.216594187421113,-0.08617351105063786
5.0,3.945476681922837,5.0,3.245365544983092,2.918081105674161,3.92717354815233,4.021784666516018,-0.09461111836368774
3.4929753017080594,3.0421557172089018,3.098733375840018,5.0,5.0,3.8291310907922065,3.926772878951396,-0.09764178815918934
4.754582124102447,5.0,2.844553598502222,3.890962634789616,3.290807366273519,3.8680421682851476,3.9561811447335606,-0.08813897644841306
2.8776202721800517,2.7843181613639967,3.4070589304738,4.03399210520394,3.2018452352490088,3.231866954517817,3.2609669408941597,-0.029099986376342812
2.185171665654571,3.291779391891998,5.0,4.68679606127283,3.0464902414347637,3.484275016597839,3.6420474720508325,-0.15777245545299357
2.605250486702526,1.9025276684809667,3.2229409375617046,4.581762501935376,3.5361098413385488,3.0380731528494294,3.1697182872038243,-0.13164513435439495
3.4338099269100297,3.288793796905761,2.394250708677852,2.4703545248142413,2.686748996214747,2.82353893046837,2.854791590704526,-0.031252660236155805
3.1167622132138955,1.737891653162278,2.782841029368388,4.821524123422801,4.398295176932512,3.1691054935820784,3.371462839219975,-0.20235734563789665
3.147173084289142,3.5351403943463926,1.4225965308904054,4.011379171450956,2.0363130959587226,2.644292308897129,2.8305204553871235,-0.18622814648999464
3.8546066029537154,5.0,4.48335410177163,3.8821597403384955,4.471954180742181,4.317424688892753,4.338414925161205,-0.020990236268451312
2.811290397905209,3.009395771191206,3.289790622811406,3.3827858076346904,3.3904675135471867,3.1682356191798102,3.1767460226179396,-0.008510403438129366
2.566316733011598,1.8128074064537372,4.729392655918697,3.7285440067971933,5.0,3.3311586319026643,3.5674121604362456,-0.2362535285335814
3.9909290241365927,4.221547823938274,3.075254678755039,1.7815766344835893,2.322920788778272,2.925857313783732,3.0784457900183533,-0.15258847623462124
3.229072185478139,3.409170368880098,2.115667625540599,3.5756338394316423,4.416815930758686,3.2593218471069405,3.349271990017833,-0.08995014291089243
4.754963738848011,3.710542755718045,4.520909205622588,2.1690344864831133,3.4144872777669604,3.583277793535491,3.7139874928877434,-0.13070969935225252
2.543518980407227,3.016354555100957,2.5300359133486565,2.3017907719908193,4.3794821786682565,2.8728075478376263,2.9542364799031833,-0.08142893206555701
5.0,1.9965255660561858,3.033715573757055,4.135795012846337,3.4051184703770656,3.3572384977473453,3.514230924607329,-0.1569924268599836
3.0045061928869803,4.656725077445011,4.126747109707937,3.1225006419737227,3.2711947276715847,3.5820702470057393,3.636334749937047,-0.05426450293130758
4.920535268886749,3.602466884562969,3.016201441235645,3.00369307183161,3.1023398955081896,3.4632474571911516,3.5290473124050328,-0.06579985521388121
3.021304090153409,4.884928521599137,3.9783218733033303,2.1602485123186392,2.6567906740597382,3.2027476741319467,3.3403187342868508,-0.13757106015490406
3.3646339239456147,1.9313421563044872,5.0,4.602332959731903,2.7614768596119528,3.335625593430322,3.531957179918792,-0.19633158648847004
1.7253291530784503,3.086185291800972,1.6929390322478555,4.158759036835344,4.67474986382282,2.810162811719731,3.0675924755570887,-0.25742966383735766
5.0,3.4310446709896296,3.0557055522096923,4.830616746239579,3.629832502276226,3.914528051401529,3.9894398943430254,-0.07491184294149633
5.0,3.012089933590523,4.250489099848705,2.791482278733972,3.234733000549019,3.5677139954402413,3.6577588625444433,-0.09004486710420201
2.1499062792312627,4.099893808731942,2.646076514641569,2.9805579921486753,2.0630853959685638,2.6997395146766956,2.7879039981444023,-0.08816448346770667
5.0,5.0,2.217219747138668,3.0998234835405944,5.0,3.861989982921005,4.063408646135852,-0.20141866321484736
2.057498749128751,2.945687503784314,3.9675829608340116,4.071740357339312,4.146002208378026,3.324240029760761,3.4377023558928825,-0.11346232613212148
3.4785335017083687,4.035300078017317,3.2027927600091974,3.239835606432842,5.0,3.7364465027436498,3.791292389233545,-0.05484588648989508
3.4693096654394475,3.9665612444690206,5.0,4.883389984402083,4.7759171338157325,4.3760380052214005,4.419035605625257,-0.04299760040385614
2.5596842766349157,3.8601104197327043,4.69269007267443,4.2707751237354605,4.416833491292915,3.8758338069207823,3.960018676814085,-0.08418486989330276
3.632637725926291,4.679096762905967,4.80089282797653,2.8628859426134903,2.467868239136361,3.565877571078647,3.6886762997117275,-0.1227987286330805
3.551963987333932,2.752744199244081,3.5415251174558824,4.206576279451338,3.4293361739102393,3.465075589886377,3.496429151479094,-0.03135356159271696
3.105765146133879,3.3477009316964597,2.526685135228992,1.738881842753136,4.897283271628001,2.9507902357704343,3.123263265488093,-0.17247302971765865
4.553920649822687,2.6816805279859164,4.00850300216185,5.0,3.0651843287488907,3.7587224880328445,3.861857701743869,-0.10313521371102441
4.987546659037321,4.267914887836456,2.270011733811426,4.9559834933344185,3.214538389427073,3.7781209614582894,3.9391990326893387,-0.16107807123104934
2.960212965292203,2.954504058008755,2.9433779171501504,3.979207948774134,2.312156117320395,2.9846504308546145,3.0298918013091276,-0.04524137045451315
3.215551402325143,3.7676025856694846,4.121032658245198,3.5718909853157172,4.084234835169131,3.736518182579509,3.7520624933449347,-0.015544310765425617
3.7594735065283684,5.0,3.9595002719418866,4.379718461545331,4.747312536237116,4.344364794537602,4.369200955250541,-0.02483616071293948
4.938884760633747,3.5171761756992916,4.102740890586808,4.056704577184108,4.492367223949238,4.194779602149794,4.221574725610639,-0.026795123460845005
3.5361482633415133,3.0724825693771334,3.81833422171484,3.3012482239932974,2.0035459923248764,3.0737905144657454,3.146351854150332,-0.07256133968458656
1.2446973427030539,5.0,2.535556937329827,4.257355443911699,3.932306895713299,3.050555213515249,3.393983323931576,-0.34342811041632704
4.875044953332468,4.994994583255636,3.052447836806514,3.771605072633352,3.1830617176911193,3.8914068011104193,3.975430832743818,-0.08402403163339889
3.1415342760787537,5.0,4.530029917954879,1.0493586592530035,4.068845835210846,3.137051241002724,3.5579537376994965,-0.4209024966967725
3.6520672730519457,3.4006047010178753,3.2271455151251236,3.6475057541861013,3.718355779930166,3.5241312870192685,3.529135804662242,-0.005004517642973383
2.5498115287083234,4.941483705795011,3.3699191093962724,1.913161855431894,2.926400414852355,2.986854571147968,3.140155322836771,-0.15330075168880297
2.8212431498940056,2.8544087885842755,3.6145090558140556,4.8575914081937945,4.675997151397883,3.664884099943815,3.7647499107768025,-0.09986581083298773
5.0,2.760043066789558,4.1524433581720395,5.0,4.091161129362358,4.109615907470619,4.200729510864791,-0.09111360339417196
2.1593296757011453,3.8162646553355923,3.7253802000984804,1.1886211769703623,4.448625159394788,2.767447963351072,3.0676441735000735,-0.30019621014900144
3.505863990395731,3.356542706468004,2.405423794183979,4.021766598995353,3.1924436097188305,3.2515002239505253,3.296408139952379,-0.04490791600185373
2.515065892521242,3.513150993720592,2.476610825312558,1.8274499747885453,4.730339327593531,2.8534373964490958,3.0125234027872936,-0.1590860063381978
5.0,1.8382961008549916,4.551903176189667,4.910538723859237,4.077720018124893,3.8425984732863334,4.075691603805757,-0.23309313051942393
3.2392469976379012,2.6115575585239186,2.979720443208185,5.0,4.226506021573717,3.5098950988842628,3.6114062041887443,-0.10151110530448149
2.8852791603241745,3.892220459209944,3.9730679784267853,3.669363015112821,3.02086787710347,3.4581731558121747,3.488159698035439,-0.029986542223264134
3.0622189162926325,3.3586423281424844,3.806971415795654,4.092706992763244,1.9452792933378307,3.153221252901591,3.253163789266369,-0.0999425363647779
2.1606530100435988,2.2283257431234036,3.993184558873449,3.154913026886759,3.956119479594002,2.992457393552447,3.0986391637042425,-0.10618177015179553
3.413937555343535,4.111682046149538,3.9677766054698607,3.6815572864665547,2.8494469393968807,3.5753856208098482,3.6048800865652737,-0.02949446575542547
2.311255603816051,4.783764902014752,5.0,3.3339388839962516,4.025552707183705,3.750370658364902,3.8909024194021518,-0.14053176103724985
2.8265124319634136,4.733832363583147,2.077699726327446,4.349001044034668,3.098501693422409,3.271278816605973,3.4171094518662173,-0.1458306352602441
4.168408233561664,3.5144639943221754,2.415376117329558,4.4333106663861095,4.207737498144541,3.6636854779408927,3.7478593019488096,-0.08417382400791684
4.309874751852917,2.665004913886505,2.7520917054568255,3.758575635423978,1.7868892498682454,2.920043351029419,3.0544872512976937,-0.13444390026827469
