Cognitive,Motivation,Social,Resilience,Environment,IMP_Geometric,IMP_Additive,Differenz
2.203695314436467,5.0,3.4823228332829683,3.030875381181498,2.355052245521703,3.072641145517468,3.2143891548845276,-0.14174800936705978
3.083926211290944,1.2966821247542164,3.508036659832732,1.718533924377795,3.3384584961561727,2.405144331549231,2.5891274832823723,-0.18398315173314117
2.1711892009844167,2.0255687857094413,2.739999636973817,3.056844230632146,4.346331215289094,2.7598041273403986,2.8679866139177834,-0.10818248657738483
3.637449298084002,4.669099139968502,3.980824380985264,4.558194654728393,3.5546355759092467,4.054321669724949,4.0800406099350806,-0.025718940210131436
3.570059429235293,0.1,2.8443711811539925,2.54684893798573,1.8903568982013872,1.3735413607342724,2.1903272893152805,-0.8167859285810082
2.7961896875489134,4.828009767237655,4.328975032927333,3.604898802907422,4.086375610075836,3.8635829635310963,3.928889780139432,-0.0653068166083357
2.835243554569178,2.5614464884432087,3.1843985420982186,3.1810306791412843,4.054894444238123,3.1255762435933696,3.1634027416980026,-0.03782649810463301
3.3199359521034912,3.441099760647792,2.0679280189483196,5.0,2.8840816094379487,3.209726199559591,3.3426090682275102,-0.13288286866791932
3.0029385326575384,4.011068193551263,4.23648472873657,2.039489231008201,2.3042007884846685,2.992063279188722,3.118836294887648,-0.12677301569892618
1.8343348501125956,3.0489966487237092,2.962590401977514,3.1767394488504404,2.808904558733446,2.716221302681206,2.766313181679541,-0.050091878998335115
3.5380441480976774,4.2229099190821575,3.133200147072118,4.146841807435876,2.940334411470691,3.5587336074207063,3.5962660866317036,-0.03753247921099723
3.5098428233550494,4.417966190932923,4.879924013452622,2.8790153755648147,3.3849343846270883,3.7457903887306006,3.814336557586499,-0.06854616885589859
3.2654103639800205,2.7264375362011273,1.4833605391778004,4.269802629915179,5.0,3.0905200757669626,3.3490022138548254,-0.2584821380878628
4.8907252935195,4.107979622662711,2.8826236616662086,2.3500679735632577,3.3990441754155984,3.412285385290897,3.526088145365455,-0.1138027600745577
3.760021433482503,3.7226561907681064,2.440523967920087,4.014814786507142,3.994080859844132,3.529569507161003,3.586419447704394,-0.056849940543390876
3.748499169837701,3.1776303459781396,4.825352891553678,1.0259630269108926,2.7093818481818985,2.758661158163331,3.097365456492462,-0.33870429832913107
1.7026398724680596,3.970383745051558,4.475336840258139,3.3994813366144445,3.530922798511815,3.2509955803288992,3.415752918580803,-0.16475733825190364
5.0,2.6441434452072397,3.3530210906523115,3.1141319446714633,4.147709752945301,3.5609619553557574,3.6518012466952627,-0.0908392913395053
1.809325671894482,1.9823092680617556,4.413953325824071,1.2508328505503608,3.6612035409229122,2.355417021172253,2.6235249314507163,-0.26810791027846337
4.537158656449026,3.3444698703415194,2.0218863043894513,3.8446811610687464,2.5883993913194496,3.140161037175048,3.267319076713638,-0.12715803953859028
3.169827770393814,2.962020220006496,5.0,2.6568705626170765,3.1140367318821727,3.2950162702927037,3.380551056979912,-0.08553478668720826
3.451271544799765,3.86386312964409,2.0705365762040784,2.618786146920609,5.0,3.248110251030096,3.400891479513709,-0.15278122848361297
3.4493741833394798,3.936842850307899,4.285180341757583,3.652595125662488,2.4433520380146287,3.49211883648652,3.5534689078164154,-0.06135007132989534
3.196325359670481,3.645392135986878,4.896924768080684,1.2914358294612307,2.5896344263205364,2.8584196662284995,3.123942503903962,-0.2655228376754626
5.0,2.4421635805903112,4.477195810897459,1.6689022053111655,3.9337088260688016,3.2433721890972222,3.5043940845735477,-0.2610218954763255
3.901837716739465,4.907043036294985,3.406871455704598,4.6957639041845916,3.729055296844584,4.088367984224925,4.1281142819536445,-0.03974629772871907
3.162878676538461,4.251373108516583,3.1181019273698753,2.905435594708106,3.297626389854707,3.3172862836169945,3.3470831393975464,-0.029796855780551912
3.438462990517738,2.0393657957840396,2.8528795015305235,1.3610737349833686,2.8704280756012235,2.3910807731634427,2.5124420196833785,-0.12136124651993585
4.406258824540918,2.7239744324217345,2.796168560171702,1.751885512303304,3.540814556835295,2.908633866446091,3.043820377254591,-0.13518651080849997
3.606284061110967,4.52984305196308,4.8391122251884156,3.468714008081012,1.3866716514840447,3.281029857938756,3.5661249995655036,-0.28509514162674776
2.0231615232256592,3.725234806032535,4.691110458693033,4.345603384877306,2.9242776809919033,3.3923895197359855,3.5418775707640875,-0.14948805102810203
3.745304125085356,4.059902903865723,3.1398973184799064,1.5671470267475784,3.6624594698904502,3.07298294884835,3.234942168813803,-0.16195921996545293
3.6166308904181985,4.126361841242967,2.7920026111020384,3.6255465197026515,5.0,3.7637967289958154,3.8321083724931713,-0.06831164349735586
5.0,3.6775418468698255,2.1056846822335986,4.80205942958355,2.2790985733794464,3.3529132808308955,3.572876906413284,-0.21996362558238847
4.393415652478418,3.5659870614562728,3.750136436767803,3.696363857477948,3.8354837487286866,3.838175220779777,3.848277351381826,-0.010102130602049009
5.0,2.995563778125769,1.7719767976819083,4.0501672050384965,2.7772694766863126,3.126075882794713,3.3189954515064977,-0.19291956871178462
3.6893480317304572,2.204316169049859,4.202518418161375,4.9881413477344525,2.737372292826503,3.4182289754940043,3.5643392519005297,-0.1461102764065254
2.1994890483141583,2.6370242175919443,4.706494582727803,1.6457928616310569,4.465031658750832,2.8871320006327745,3.130766473803159,-0.24363447317038434
2.78932329226723,3.0612104683594668,3.3550381510106444,3.869798672729359,2.4941803576920534,3.078514095744268,3.113910188411751,-0.035396092667483
4.849352356615107,4.912084304572041,2.699220222454862,3.268853552283148,2.455424305620107,3.4877229360905986,3.6369869483090524,-0.14926401221845387
2.4241736750371494,3.5408105814078703,2.7999621397467425,3.5060138302392287,5.0,3.34904083303958,3.454192045286198,-0.10515121224661783
1.0600052464978456,2.4120119670358227,3.3946517454512306,2.944790301866769,5.0,2.6381617279513305,2.962291852170334,-0.32413012421900333
3.5041973732741427,5.0,2.5117967735065743,4.468541542088778,2.770238427085469,3.5256987548159224,3.650954823190993,-0.12525606837507075
4.48319229832398,2.9564969962321093,4.571307294879622,2.843708548521443,5.0,3.864132971530592,3.9709410275914307,-0.10680805606083865
4.450390071896638,2.9548705256377774,1.5161225677955645,2.1620980001445975,2.493546686842851,2.54843021223228,2.715405570463486,-0.1669753582312059
3.45861135175105,3.3921295655240096,2.7111578723926275,4.727506478250745,3.432800351325379,3.4878832245411733,3.5444411238487623,-0.05655789930758903
3.8831313551940543,3.434597181129716,4.153273209002595,4.172858760909886,4.449075267816989,4.00341273166767,4.018587154810648,-0.015174423142977567
2.5968788467775736,3.356254644232339,4.815509034462875,4.302977764107848,2.7154705149677887,3.4523323484117903,3.557418160909685,-0.10508581249789462
2.9069244169841237,5.0,5.0,5.0,3.461786406780032,4.168010498625999,4.273742164752831,-0.10573166612683238
4.142359757338923,2.930193848911892,5.0,1.667353595434894,2.5685117182491473,3.040637774192872,3.261683783986971,-0.22104600979409916
1.9020839412143569,3.2304658751003505,3.049604092417502,1.757167008561653,2.0966519455716583,2.332467150883381,2.407194572573104,-0.0747274216897229
3.8295934860627723,1.832466447189578,2.1348715344104576,4.386544698851752,3.909914878988962,3.0336820584468143,3.2186782091007045,-0.1849961506538902
3.29332681050027,2.949454771441663,3.262035285277964,3.1196742112560987,1.9684893162855372,2.869600940356937,2.9185960789523064,-0.048995138595369525
3.9322365705167397,2.3819048905534546,2.154375895498389,4.3306863360466075,3.518733548439951,3.144602311569248,3.263587448211028,-0.11898513664178001
2.7459267964714056,4.175984736503901,3.4864648339858104,4.827600345001354,2.814952031500153,3.523766245007433,3.610185748692525,-0.08641950368509166
2.714729907011784,2.1051323282815986,5.0,2.358315003279789,4.721032691199491,3.1660879206030175,3.379841985954532,-0.21375406535151464
3.3808908205085797,2.439251703450646,4.626361056462892,2.018985766675911,2.5746581760331875,2.880554022231101,3.008029504626243,-0.12747548239514206
3.9377789318944156,3.052873377814893,3.7775305521529723,5.0,3.347251710898514,3.768472036345281,3.823086914552159,-0.054614878206877826
4.433998475155805,2.9680730593493196,3.8062752584180393,5.0,3.1777476657660464,3.8033995100188154,3.8772188917378423,-0.07381938171902691
5.0,4.536446902593829,4.041388602941316,1.2627404176425938,4.384417651938183,3.4760698080203136,3.844998715023184,-0.3689289070028705
4.896409024354124,4.060960660725016,3.029866620951075,4.325062793454587,2.245282734735473,3.576339071195864,3.711516366844055,-0.13517729564819136
3.6028220254764936,2.6960005433776857,4.013481546697675,2.9042983632428956,2.703755237351067,3.1417999739198237,3.1840715432291633,-0.04227156930933962
3.1586302092641736,3.9458489348400385,4.7822694076978145,3.492124375411535,3.136409623051226,3.65560406552256,3.7030565100529578,-0.04745244453039765
2.6304683399016455,4.865910820403494,4.068728355542408,2.840736562972712,4.043373588292886,3.592246664183499,3.6898435334226294,-0.09759686923913025
4.579649735046079,4.514807219994459,4.100488352489224,3.5005375683736943,3.377447773990854,3.982961315603866,4.014586129978863,-0.031624814374996646
3.9460316105350532,1.2613024795076804,2.250178759550746,3.062657341205292,5.0,2.798034395202916,3.1040340381597544,-0.30599964295683835
4.887219410132694,3.338526825438839,3.2575837013940716,4.840693246845033,3.844931346644598,3.972479717908653,4.033790906091047,-0.06131118818239445
3.5799974908311176,1.768792014784764,4.0561291015493275,5.0,2.2673902451418906,3.1105236505208675,3.33446177046142,-0.22393811994055257
5.0,2.3728119147988975,4.56425983733363,2.561291828562553,4.505897684582681,3.6238383258424376,3.8008522530555524,-0.17701392721311482
3.815211583142985,3.038593995856783,4.119601990213553,4.571915835747729,3.6013345786117457,3.794212514045151,3.8293315967145594,-0.03511908266940855
4.077530231027112,3.723700580040418,2.785487929027883,4.098088282068056,4.071555800855701,3.712983204917655,3.751272564603834,-0.03828935968617886
4.768518003731124,3.895249212781794,5.0,2.216910402734055,3.9881450299916894,3.8272034792919096,3.9737645298477324,-0.1465610505558228
3.7662973492653293,2.790504898128237,5.0,2.878484469350992,3.5648244884291502,3.518470290431296,3.600022241034742,-0.08155195060344589
0.9851568762306737,4.611501828692642,2.4396033367887293,4.095435065462399,3.599853897159818,2.77108841849364,3.1463102008668526,-0.3752217823732127
2.156585945920312,5.0,2.551901725813977,3.9718002534759136,3.2846314114413757,3.243507842263506,3.392983867330316,-0.1494760250668099
4.196575099683949,4.341026852058574,3.8153081235933426,5.0,5.0,4.44622482845959,4.470582015067174,-0.02435718660758379
4.329251003370149,3.7465288704980115,3.9272226306802263,4.162239123838509,2.5115130147585414,3.670100579939124,3.7353509286290874,-0.06525034868996338
4.349564478174196,3.6226417332663003,1.3893994124571796,3.23070397350788,5.0,3.2337994887687724,3.518461919481112,-0.28466243071233954
2.780294743558962,2.92174118825454,3.5485419564099314,1.9657779890097251,3.6635763339812546,2.90699609094205,2.975986442242882,-0.06899035130083231
3.0673876680929757,3.0845027190756404,3.210403581596563,2.7528983430244867,3.1802412927553845,3.0545886977925027,3.0590867209090105,-0.00449802311650771
3.332972975318477,2.193372880011043,3.3161035451727754,2.387628888480645,3.669946927490571,2.920382858531592,2.9800050432947023,-0.05962218476311021
4.352531580554112,3.18788404922693,3.820379331391415,4.4110554106980775,3.4562069060876017,3.815035963279258,3.8456114555916274,-0.030575492312369335
5.0,3.4478134863544154,3.8213103959965102,2.1081320252902453,2.6767132517020316,3.266217849279494,3.4107938318686406,-0.1445759825891466
4.068611969666247,3.354867291916011,4.347305266265775,4.291852035213003,4.386429702968366,4.070235463947082,4.08981325320588,-0.01957778925879783
3.087567873423419,2.897543168446438,4.308490582358638,2.8002112207844525,4.283418884740263,3.4118551345083032,3.4754463459506417,-0.06359121144233848
2.7195712173807114,3.5371906772631605,4.5030662042446865,3.7271478135057476,3.0638683102310056,3.4583009999235443,3.5101688445250625,-0.051867844601518165
4.249703607132938,3.4900297300896725,3.1906469903117247,2.373879868973556,3.9468435795089656,3.383413170139454,3.450220755203371,-0.06680758506391671
4.289094174198971,2.283975727094159,2.7747947152649837,3.772397066225881,2.160381291353948,2.945012525205156,3.0561285948275887,-0.1111160696224327
0.37161644121943116,2.394858662539588,2.8851055433360946,3.580021595235399,5.0,2.1501978968430127,2.846320448466103,-0.6961225516230902
2.5632204055876056,3.779250397275063,3.6721418945023485,3.8739808142386494,3.0972735145072536,3.3577597556569208,3.3971734052221843,-0.0394136495652635
3.8205243186116142,3.9310590632648523,2.9478894202748256,4.644877124193722,3.318311138423729,3.6881367200832766,3.7325322129537484,-0.04439549287047173
3.1795434371471183,2.933593005383653,3.0490266768076224,3.709531812604875,3.5536239386085486,3.2717738952813273,3.285063774110364,-0.013289878829036539
4.12689024695888,2.581989994302254,1.7248651514862192,3.1993177959102073,4.0884941357034705,2.9935786760784473,3.144311464872206,-0.15073278879375884
3.281520514357427,3.746200644976289,1.634789285933555,3.5639908553426642,2.1533068095231203,2.7392652435064235,2.875961622026611,-0.13669637852018734
3.6001012321069914,3.264706029227024,3.959096708959143,5.0,2.896430598235149,3.6788968163552376,3.7440669137056615,-0.0651700973504239
3.542348005490552,3.0330988150241978,1.8630876758978294,4.017632312495741,5.0,3.3179531844795345,3.4912333617816644,-0.17328017730212997
3.7592790526880737,4.9003131820834245,3.646065553357685,4.122908245851079,4.713329121439456,4.198912863300181,4.228379031083944,-0.029466167783763098
4.0024738681582965,4.024446999102236,3.129438492849649,2.931138687015779,3.2798389711111318,3.444117864098286,3.473467403647419,-0.029349539549132775
3.443157989818968,3.316205546451504,2.774843407977939,2.711902225532616,5.0,3.362142997387558,3.449221833956205,-0.08707883656864723
5.0,4.60595180524761,4.763426928547956,3.816837655323069,3.2495422922389667,4.233962006828576,4.28715173627152,-0.05318972944294398
2.840840654982065,3.4628695164560233,1.9565038172818796,3.175841334731979,5.0,3.1407871146161286,3.287211064690389,-0.14642395007426057
4.626776391229114,4.472821981029494,2.4782173895800823,3.5042454030908914,3.383095104558233,3.6039739958065393,3.693031253897563,-0.0890572580910236
1.732525289538985,5.0,2.606835310251806,4.762082690533929,4.383432908472977,3.425112932905324,3.6969752397595395,-0.2718623068542154
3.368173509728153,1.8671292301915894,2.900789000042873,3.5468983931212903,3.6988932469770166,2.9908945662186603,3.0763766760121847,-0.08548210979352433
3.597518273778822,3.768133095212637,4.39923788540141,1.9825378556502247,4.4835360234430635,3.5064670995940364,3.646192626697231,-0.13972552710319475
3.0498776883932766,3.648704775009694,3.396839770274809,1.9249703790092536,4.097830638662694,3.1253226050720855,3.2236446502699456,-0.09832204519786014
4.036627715147028,5.0,2.6791006261667154,4.10744397699755,3.1997851803027078,3.718211072647435,3.8045914997228003,-0.08638042707536542
3.4013191613985967,3.733268992902756,3.0796959376606163,3.795053161748915,3.961327335544757,3.5798153075056507,3.594132917851128,-0.014317610345477405
3.5814731669299014,4.3473043955887745,2.8442369369361247,4.234848835581113,5.0,3.9301677554769734,4.001572667007183,-0.07140491153020978
3.0506368598724016,3.663677849332184,4.283692996787763,2.875427393191494,4.753764551233633,3.6574065708933023,3.725439930083495,-0.06803335919019249
2.054481388175903,2.467184653530274,3.834293054859486,4.6690818180222315,2.096421780796391,2.856668614474312,3.024292539076857,-0.16762392460254505
3.278269582036176,4.823990170937558,4.819265754570181,4.2086829796722025,2.534912666617263,3.8196910215908133,3.9330242307666756,-0.11333320917586232
1.9112233073470908,3.6418449862219373,2.8965460566239107,3.3055918179036934,4.612662967888888,3.144436690615971,3.2735738271971035,-0.12913713658113268
5.0,3.1052246504228838,3.9183676351809438,3.0748405867046618,3.348485264903683,3.6254994320733775,3.6893836274424343,-0.06388419536905676
3.812587238250473,3.946089108679031,4.220251883186434,4.024693163526482,2.2401326710602536,3.5607896034774424,3.648750812940534,-0.08796120946309172
3.0653292088893838,3.432778160866447,3.66760944417811,3.4414646103560766,3.0304417931711316,3.3185704355873993,3.3275246434922297,-0.008954207904830369
3.9502116489137102,3.9825124283597306,4.081235997169073,2.5043096190985823,3.205537501377705,3.486836788799928,3.5447614389837603,-0.057924650183832416
2.6493394139259596,3.4576534971823785,2.5031779793005393,3.9094997144857224,2.791785055333463,3.0177467619865794,3.0622911320456128,-0.044544370059033334
3.658184607662332,3.834549389825244,3.7480446183561043,3.0452893543694035,2.2872553543444836,3.2564587756726224,3.3146646649115135,-0.05820588923889103
3.210339155697717,2.699975473586978,4.1646668694366085,3.043263069098193,3.6856390733663793,3.322528083008057,3.3607767282371754,-0.038248645229118416
2.797427110897782,2.426126769685455,3.9373233676082258,3.3773100752526397,4.301183775251554,3.2946285506830586,3.3678742197391314,-0.07324566905607277
4.141494299571427,3.126824069505402,5.0,4.291642329565986,4.461654277439355,4.155946907106203,4.204322995216434,-0.04837608811023131
4.563327752523532,2.402247188525987,2.0269657669764127,3.6885124417878745,2.758619422656353,2.957043834782223,3.0879345144940316,-0.13089067971180857
3.233641218367737,4.787213941009258,3.2690160519119438,1.7774716065212768,3.0974077037148393,3.0831776816934195,3.2329501043050106,-0.14977242261159107
5.0,3.628649800463015,3.5652974021405024,2.359104736315886,4.250403514223024,3.6508806993194183,3.760691090628485,-0.10981039130906689
3.6509665030710283,3.638321366980423,3.098752880326264,3.806043137145747,1.9521137409746476,3.141195269094383,3.2292395256996214,-0.0880442566052384
4.412025364956416,4.042368758581002,1.476476163015282,5.0,3.4097873953942632,3.391872625707898,3.668131536389393,-0.276258910681495
5.0,3.5931004540615703,2.8418296387929582,3.026040068045622,3.392234947517736,3.4984816493183715,3.5706410216835778,-0.07215937236520631
3.249670579589243,4.322188100195866,2.6568109909566466,3.2835369813617956,2.869005855547944,3.22994704066597,3.276242501530299,-0.04629546086432912
1.4882376382421056,3.077387062035034,2.2647887851472945,4.340348970910811,2.728473064945398,2.6173710024045405,2.7798471042561284,-0.1624761018515879
3.93371563334141,3.4706296025669428,3.7134844097576063,3.519579994883294,2.5205552765304517,3.3930946938046236,3.4315929834159404,-0.03849828961131685
4.098958003301108,2.029559027426842,2.9714558400595408,4.134725511374104,4.377878985963037,3.389619695114609,3.5225154736249267,-0.13289577851031753
4.643136676101833,3.373512255665013,5.0,2.2480407385626595,2.4044443200362298,3.352251032547282,3.5338267980731475,-0.1815757655258654
1.8835126928575214,3.5346901244580264,2.730104084360711,4.902373357244879,2.4376714069899657,2.9334327061233663,3.0976703331822204,-0.16423762705885414
5.0,2.563287591660127,3.282777884324281,2.6687694249985,1.864575350925567,2.9119235323010124,3.075882050381695,-0.1639585180806824
3.599113707585478,4.135799392263824,4.063838637414299,3.4214213238253963,3.6686883713959104,3.767747355977971,3.777772286496981,-0.010024930519009878
4.036586795152452,5.0,3.5444877218435034,1.6275189558533698,3.3541222730952223,3.2985915672526263,3.5125431491889096,-0.21395158193628339
2.5612559580256775,2.6657612152940775,2.595850408693983,3.773446303872683,3.8443731537105794,3.0340554925045047,3.0881374079194,-0.05408191541489549
3.5050264053936346,1.4882743522335025,3.1056914028249545,4.403186720834428,2.851235395017223,2.895119893296391,3.0706828552607486,-0.17556296196435772
3.6481318309882647,3.880818747562224,2.809543638200353,4.086667772293684,2.770008847926577,3.393876470670444,3.43903416739422,-0.04515769672377612
1.9684936955494305,2.3105391640553012,5.0,5.0,4.171080757449645,3.429313537764706,3.6900227234108756,-0.2607091856461694
3.27288894104108,2.54989870433687,2.9154361141325067,3.580144153887885,3.764302764266878,3.1852869131924404,3.216534135533044,-0.03124722234060373
4.084737217877615,4.8254745241148544,4.567210702561015,4.10372864713126,3.2869051103961526,4.138702410373893,4.17361124041618,-0.034908830042286176
3.4600567027394895,2.9633797168470317,3.8716635120302785,4.539069931815183,2.586035095729203,3.4172274220644354,3.484040991832237,-0.06681356976780162
3.621377808555327,3.616271668849612,4.795956491934082,5.0,5.0,4.35702473690755,4.406721193867805,-0.04969645696025449
3.350157880872339,4.050595721983261,3.988764107002817,2.238087085620642,4.75986049465447,3.565978714569863,3.6774930580267053,-0.11151434345684219
3.135336272269144,3.8862822880151,3.486504179121048,3.4626407786354196,3.863003074209505,3.5555617920969564,3.5667533184500426,-0.011191526353086179
3.302506527966643,3.1146996321973472,2.8650116946470465,4.4437602063914285,3.2744511930062408,3.360896036140983,3.400085850841741,-0.039189814700757886
1.8633823637004,1.585178551282158,4.357196077731253,3.164481870024842,2.6745608846903854,2.555221038251645,2.7289599494858074,-0.17373891123416252
4.686208429784908,2.535452472078908,4.738377169494521,3.8302827717035743,4.4053218069488675,3.9404247261399927,4.039128530002156,-0.09870380386216304
4.739582209705406,3.901259730988401,3.257281341103136,3.028548364219333,4.54092326584394,3.833855806070566,3.8935189823720435,-0.05966317630147744
2.6687622808772167,4.294472965243414,3.3519546441245023,4.908897944841508,4.04106292844094,3.7705048419905123,3.8530301527055157,-0.08252531071500346
3.654207263506209,4.840261589491205,3.948925834542386,3.649121441913739,2.321224500599927,3.5843407523350854,3.6827481260106936,-0.09840737367560815
3.4253943388563246,3.7905907176173863,4.634969797310029,4.147538385934085,4.265576915814538,4.031312954198764,4.052814031106473,-0.021501076907708416
5.0,3.1986498143321165,2.497049370896681,3.655199752273998,3.7801910919384953,3.5347421607730505,3.6262180058882576,-0.09147584511520712
4.0908692895065135,2.990936003827314,5.0,2.9357431545604467,3.264729585266008,3.5779280259602375,3.6564556066320564,-0.07852758067181886
2.407295282774477,4.232965725171471,4.351405054169229,2.597245740816164,3.8252620578412766,3.379057428300571,3.4828347721545234,-0.10377734385395243
5.0,2.884775387707759,4.462628215843467,4.080206335123885,3.631675962293201,3.94359571953255,4.011857180193663,-0.0682614606611125
4.316451137944991,2.815550947819357,4.626053041774297,4.235481604134695,2.1089510972437457,3.4687582016728937,3.6204975657834177,-0.15173936411052402
3.876040102886352,4.91444437609783,3.035421602298734,2.415571231069386,4.073227729341052,3.5563790996964695,3.662941008338671,-0.10656190864220161
2.437410685809861,5.0,4.347476326704701,2.558114499529416,4.400185394920076,3.5900903557985036,3.748637381392811,-0.15854702559430756
3.2798116673081057,4.3838784091538745,3.3261574352297236,3.7224776353470204,2.0659529735850772,3.259271562545603,3.3556556241247604,-0.09638406157915735
3.8019723462879256,2.9659070769353795,3.285023269431185,4.816582250729795,4.9485768638798175,3.883156098974333,3.96361236145282,-0.08045626247848725
3.1494304979102195,5.0,4.87446631149034,3.7362169477916622,3.496871340568338,3.9833472624413306,4.051397019552112,-0.06804975711078098
4.83129700593115,3.843241887959993,3.1947683183971898,3.9305667627367202,5.0,4.1051138038178046,4.15997479500501,-0.054860991187205776
1.5205895895282566,2.0852212289370895,4.064452944873034,3.9589800674895916,1.8544776170284176,2.4842439012837767,2.696744289571278,-0.21250038828750117
3.34269726336005,4.630392133626607,5.0,2.6667778501369,3.0811397060382077,3.6364415414396034,3.744201390632353,-0.10775984919274961
2.4187745771616154,2.2686606428516107,4.087559856742961,3.739748737765015,3.584644863403709,3.1305707526459354,3.2198777355849826,-0.08930698293904715
2.918034088248323,0.7077726077517492,3.3252408867447323,5.0,3.0878418358564255,2.5414785870126195,3.007777883720246,-0.46629929670762627
4.446629991336943,4.140156750262288,2.5625291365248257,3.795151308472624,3.617267054214727,3.6497679360627964,3.7123468481622814,-0.06257891209948507
2.648134060229364,5.0,3.3249539057381567,2.700916703654287,3.404502626079881,3.3224013377051698,3.415701459140338,-0.0933001214351683
3.5958649812727845,3.5342237209844565,4.313221848291947,3.2236561198355664,3.041367451831044,3.5161173596211106,3.5416668244431597,-0.025549464822049117
2.617583436148788,4.306960323724358,3.2821507850749225,2.1735560851540905,4.850048492743146,3.297838419157845,3.4460598245690606,-0.14822140541121565
3.626060531018429,3.6821453716317905,3.487643512527287,4.336864492193507,2.6743209024269756,3.5195852402870162,3.561406961959598,-0.0418217216725818
2.4480513588428154,2.0031083727686383,3.0281092609071796,2.7140199202382345,4.051846935600107,2.770719204236196,2.849027169671395,-0.07830796543519902
3.404131085637353,5.0,1.6475926476641045,1.606865767477738,3.524378682362618,2.7553556127720524,3.036593636628363,-0.28123802385631036
5.0,3.5906045456075084,3.0066793583130904,2.973882665745257,2.869449327451304,3.4093329609864234,3.4881231794234315,-0.07879021843700817
2.2239273527231447,3.0936650789272186,4.807072438086944,4.147503156822147,4.552659667074293,3.6233083417094547,3.7649655387267495,-0.14165719701729484
3.1386748379455325,3.9752691938474634,4.884038217867834,5.0,4.6661853716689645,4.271346296214641,4.3328335242659595,-0.06148722805131879
3.10551326722287,5.0,2.4281404465957723,5.0,2.6270217692674884,3.45909249058416,3.632135096617226,-0.1730426060330661
3.951836225756629,2.827198318011252,2.3881523552417505,3.8946669214747303,4.39281626127003,3.4031894040955573,3.4909340163508786,-0.08774461225532137
4.412768987551759,3.1001602150120307,3.1353944452112996,3.9435927103899924,4.083335025816382,3.697080584736155,3.7350502767962928,-0.03796969206013756
3.093845646774526,2.338429118233001,3.873107140005907,2.7743641456424823,4.368443203549475,3.2077056133681907,3.2896378508410784,-0.08193223747288769
3.5901116241390154,1.9937919597327771,5.0,3.288173638643577,2.693970445837505,3.163887796508064,3.3132095336705754,-0.14932173716251151
4.93952768123535,4.977827034902679,1.7708834366528372,4.08235997285058,4.847332855985804,3.864255807622636,4.12358619632545,-0.2593303887028138
2.9046155711132573,1.9184137219984934,3.323253462272366,2.818959198623869,4.1047912135022075,2.9254646337938617,3.0140066335020386,-0.08854199970817689
4.970812423031898,5.0,3.2423927898655776,2.2541110713802563,1.6761366698810705,3.1384090596388172,3.428690590831761,-0.29028153119294364
2.8090861951435073,3.4578341358241573,2.6286493481657973,2.930430444107557,4.999096030812254,3.2702801276549613,3.365019230810655,-0.09473910315569345
3.550730855862537,2.7503025922370106,3.3125334856520756,2.632622297360601,1.7843792544544392,2.7311581310402993,2.8061136971133327,-0.07495556607303344
2.3100974515289354,2.8249834099383424,2.2035230243780486,5.0,3.9361121006253095,3.0928599275412187,3.254943197294127,-0.16208326975290843
3.858577329212089,3.4731972642858584,2.0963111264836973,3.4961372112052347,4.52844236379889,3.3855555360921223,3.490533058997154,-0.1049775229050316
5.0,3.178593290007342,2.3207256211977767,3.9344091129598397,2.5462631538885825,3.262288110276692,3.3959982356107083,-0.13371012533401627
4.914349082975365,2.649633061206203,2.9949867932441867,3.1092911409981268,1.4774063271054243,2.82254970448856,3.029133281105861,-0.2065835766173012
3.877763272921734,2.201617179448906,5.0,4.254582731915226,3.5379399386038397,3.6440145833634117,3.774380624577941,-0.13036604121452955
3.5832384541430295,2.507328889708814,4.925353729942509,4.0193180226194904,3.751979302223167,3.6717021946267114,3.757443679727402,-0.08574148510069035
3.0895546170588806,2.554660688964246,2.8826978431565164,4.8900935921202215,0.9531321246696578,2.5415561025123323,2.8740277731939043,-0.332471670681572
2.716389787302351,4.878484944908003,3.866431441000018,3.1587508326378657,3.4161250142050057,3.5361224813041687,3.6072364040106484,-0.07111392270647965
2.7913207136625546,3.5284471560233093,5.0,3.002162077694585,2.0161183421203717,3.12509125195934,3.267609657900164,-0.142518405940824
5.0,2.888495207511765,2.502743477883663,3.5220090488920652,2.1684330696761935,3.0775059172968837,3.216336160792738,-0.13883024349585416
2.8469341337955565,3.8400416694335893,5.0,4.023311447781355,4.5469947581802375,3.981056062293027,4.051456401838148,-0.0704003395451207
3.920266446055976,3.614788304844655,4.731014908434872,3.0289425425454333,4.039926232143005,3.826515246967616,3.866987686804788,-0.0404724398371723
3.151362144614631,2.9306530234028836,4.682639421726151,1.636647348851205,3.9322234542860706,3.0825444433423863,3.2667050785761886,-0.18416063523380233
4.592825921845903,3.7602689356572148,3.4190161282879203,3.3778703554612015,3.0092397028657905,3.594677723561643,3.631844208823606,-0.03716648526196309
2.7251091024637706,3.884228230533199,0.9046901864660235,3.897564157562402,2.2324641463114707,2.4218835419847764,2.7288111646673734,-0.306927622682597
3.7060774895889876,2.048079672140747,4.739284714947913,3.424299162165237,3.0063208877770027,3.2637451188471474,3.384812385323977,-0.12106726647682953
2.4787290521253778,2.9477810820792825,2.5970950006458287,3.239090757026143,3.6936340749694723,2.9594964345319585,2.991265993369221,-0.0317695588372624
3.798767888924031,4.237286125047757,2.2926540947678857,4.927139480302927,5.0,3.905950984981185,4.05116951780852,-0.14521853282733543
3.453367551150942,3.160383118616035,3.6527962213275833,4.21891492160691,3.030620973842456,3.479109316309398,3.503216557308785,-0.024107240999386992
3.11252142279999,1.6792895892140423,2.2091793029237516,4.2758046834668235,5.0,3.00947926014036,3.2553589996809214,-0.2458797395405612
3.3848078172350404,4.948890232593971,2.962094867730403,3.419530374793693,1.910175983792444,3.1778700156126933,3.325099855229111,-0.14722983961641756
4.820235899892512,3.864693610281131,2.958017131374663,4.93410285317684,4.330695271572614,4.113296103837594,4.1815489532595524,-0.06825284942195875
3.988472982315381,4.386616482035966,5.0,3.344791588630911,5.0,4.29584970146787,4.343976210596452,-0.04812650912858185
2.7777475220249386,3.6527359025852633,3.7870566846346545,4.053656218783949,2.6564168652618423,3.336961516777803,3.3855226386581294,-0.048561121880326574
4.907775505493776,2.9327741941918086,4.641522426056656,1.7875674917589985,2.477873442853871,3.1205638092235097,3.349502612071022,-0.22893880284751233
3.0332913057470523,3.674946753561163,4.417295532922255,2.367954022709823,3.8224583772253307,3.3869402220963023,3.463189198433125,-0.0762489763368226
2.969376212925299,3.456198491563229,3.468081809888721,4.115326865913579,2.9923703077375645,3.375628006703367,3.400270737605678,-0.024642730902311172
2.6622449799579906,5.0,4.313180029833154,2.594630713637886,5.0,3.753290963344775,3.9140111446858064,-0.1607201813410315
3.7797824239721516,2.610967602953781,2.648899709070129,2.493871260468995,3.5676478630733586,2.9738424906405383,3.020233771907683,-0.046391281267144535
3.592278826429236,3.2282246556530674,3.883019551344865,4.603960652796658,3.633477307937119,3.7617634659795667,3.7881921988321894,-0.026428732852622705
3.1342672211514206,1.5163871615217246,1.861823388861755,1.5809653803101131,2.65230702469322,2.060089797808546,2.1491500353076467,-0.08906023749910075
3.2712344211649564,4.514599377195103,3.0292360511029743,3.8709794580953574,2.59316885715561,3.3920569341375257,3.4558436329427997,-0.06378669880527399
1.75785356635868,4.1241138693543125,4.092944606002277,3.4050358383065653,4.07766440809458,3.3340835241198903,3.491522457623283,-0.15743893350339278
3.9189886760100054,3.8843121289260916,5.0,2.5398041952295256,4.777019010753159,3.9181681313238226,4.024024802183756,-0.10585667085993311
4.914149844199778,3.7550164437773024,3.847955954508564,4.925750176098754,0.743135219483547,3.040647749572325,3.63720152761359,-0.5965537780412649
2.837187219666781,3.9987785231081374,2.189697296279257,4.009337215857906,3.640199077588207,3.2499705807150328,3.3350398665000585,-0.0850692857850257
3.00645327506472,3.6973044740536998,2.624056852367165,3.457636389625886,4.755273568071941,3.43695264521002,3.5081449118366828,-0.07119226662666289
3.2129940397031826,2.2481353903912025,4.3869883579351425,4.359698066368491,3.585542238146973,3.4592505926269923,3.558671618508998,-0.09942102588200585
4.176035683542826,4.2918437156328375,4.543701984751969,3.060488719892356,5.0,4.160214709964656,4.214414020763998,-0.05419931079934237
4.006031108461752,4.4620381716369355,4.036056494740206,4.832738438436042,3.9435638435956437,4.242847286368198,4.256085611374116,-0.013238325005918483
2.3564217804888585,4.573170109491203,3.4217760340361316,3.996381747405336,2.628604228607517,3.2932357913655235,3.3952707800058093,-0.10203498864028582
3.367889008286704,3.8080770018749,2.4381511391044732,3.743944419476529,3.2347529825684562,3.278377240827138,3.3185629102622123,-0.04018566943507418
3.488390374776234,4.139898285919283,3.2147175632714076,5.0,5.0,4.1014697841870325,4.1686012447933845,-0.067131460606352
3.7151809498727313,3.077790406388878,4.304712482980529,3.521784215139565,3.33166296720982,3.567117320760168,3.5902262043183044,-0.02310888355813656
2.16584202078236,4.15686106444672,4.13249748427197,3.136651671118556,1.60263728716849,2.8469594641629077,3.038897905557619,-0.1919384413947114
2.7453608170240087,3.0207444562128476,2.9551933890710775,5.0,3.1156461241007953,3.2837001341048553,3.367388957281746,-0.08368882317689064
3.8657715468727587,3.0918047837417153,3.200924214566931,3.372537518195266,2.9357911381070685,3.2785447611851763,3.2933658402967474,-0.014821079111571045
3.494304727101263,3.9271364866401797,4.019189387230578,4.317409267677482,4.081315590741255,3.958400455579744,3.967871091878152,-0.009470636298408053
3.983548860806958,2.254694947114368,4.979236518677262,3.5236122539267827,0.4496443291870422,2.3446368461612876,3.0381473819424825,-0.6935105357811948
4.21299813934064,5.0,5.0,4.039157301593574,2.418408268887612,4.003781166629514,4.1341127419643655,-0.13033157533485173
3.750472241541422,2.4582897032183872,2.4911582692737415,2.471373788680846,4.717647572153871,3.058840654078013,3.177788314973654,-0.1189476608956408
3.272123407667674,3.7916418653093915,2.057842687433379,4.72993874604712,2.9356234332498916,3.235377818980104,3.3574340279414914,-0.12205620896138747
2.3994224677813194,3.7063655673727456,4.026569587489202,2.0323389288350144,2.853598740783792,2.9072062571544866,3.0036590584524143,-0.09645280129792777
3.994361170885399,1.7168962451864933,3.518836972603747,2.8559860246177045,3.6791136867336154,3.0256449453732603,3.1530388200053916,-0.12739387463213125
2.4469370012489415,2.9012303830509945,4.449973207633269,3.5154192633695454,5.0,3.5391739343555058,3.66271197106055,-0.12353803670504426
4.414958798574197,1.5411918648816163,2.6130697021019342,5.0,4.641067824561104,3.3350661726990563,3.6420576380237706,-0.30699146532471433
4.4300464683815965,4.107222747112341,2.6901991387405992,5.0,3.2680138559882175,3.80714109415618,3.8990964420445513,-0.09195534788837145
4.466285488785205,4.484179120875098,2.7522343243091503,4.687897691521849,3.708699164848032,3.947325263272748,4.019859158067867,-0.07253389479511885
2.78716877599291,3.7373123907871806,1.5862353847061672,4.033615236159161,3.9567462149909893,3.0494716018862023,3.2202156005272813,-0.17074399864107903
4.386701927416337,3.7713415396483096,3.6003877064855896,3.3322410971192946,2.9028171476941793,3.565396807741694,3.5986978836727426,-0.03330107593104836
3.583519089263454,5.0,3.9735703642985047,4.360538651213157,4.025510812840867,4.162596881140836,4.188627783523197,-0.026030902382361276
3.6871261156670725,4.513574804451559,3.3949539191382647,3.6594629434772292,3.237385901165825,3.6739299304968185,3.69850073677999,-0.024570806283171542
2.8450036823309484,1.6778289516804905,3.48400040269834,3.3758544017443137,4.5043589169485685,3.0240229440293533,3.177409271080532,-0.15338632705117883
3.481305196287423,3.707904572010219,3.1393658640878668,5.0,4.177485481746099,3.850521089662489,3.9012122228263215,-0.05069113316383245
1.019349352987275,2.9219093118630837,1.9485418946595592,3.867865295880515,3.9256504901242284,2.4491562937706117,2.736663269102932,-0.2875069753323203
1.8183708185668161,4.172448361122342,3.0099523881578953,3.539238754821185,4.4836126760749,3.2496321276190883,3.404724599748627,-0.1550924721295388
3.272799291054092,5.0,4.747832386481399,3.250320691579987,4.594874838451325,4.1012564912918625,4.17316544151336,-0.07190895022149757
2.5214374022363573,2.3526810508311042,4.002155981024798,4.60326907285582,4.449169936024643,3.446435239683728,3.5857426885945443,-0.13930744891081615
3.7052406271114924,4.7965368492913125,4.897026733557658,3.0260067854321377,5.0,4.206329752103659,4.284962199078519,-0.07863244697486049
2.324335209931082,2.07024956153269,2.1285705391307204,1.7787001517898493,3.385238568992686,2.2804486967021607,2.337418806275406,-0.05697010957324533
2.058874250144337,2.814213250994309,2.974981575800771,3.902716015154628,4.614625988281263,3.1506119277871054,3.273082216075062,-0.12247028828795647
3.129527358903256,5.0,4.084780066512706,3.7244364938808023,3.152321704401266,3.7589081015786703,3.8182131247396063,-0.059305023160936
3.3107671944634807,3.924202189706272,1.4478214865790777,4.37199253598549,2.826037301112413,2.9733803543876878,3.1761641415693473,-0.20278378718165957
2.771967197717161,3.051776187785624,3.9332336920269673,2.768822152455587,4.031204183159565,3.2656081772670524,3.311400682628981,-0.04579250536192836
4.48830019448704,3.8365220535370357,3.720240047804807,3.6946250985353792,4.097063341990918,3.9566416899441568,3.9673501472710364,-0.010708457326879639
2.7426858724042793,3.0921742415051883,4.721238515926231,1.7254241888610258,4.26510097033738,3.117914729036238,3.309324757806821,-0.1914100287705831
4.366097478511008,4.636476337724954,2.9823951151709323,3.053108688377252,3.5648329483563503,3.6603753379935817,3.7205821136280997,-0.06020677563451793
4.570095379762883,4.817594197065608,1.94290774117275,2.4039691758924473,4.3825514058549935,3.3944757801110663,3.623423579949736,-0.22894779983866975
4.3812799276549885,3.730948761418568,0.1,2.6133603697515877,4.377403720467851,1.796251889828662,3.040598555858599,-1.244346666029937
2.7093603121711434,4.380295192491196,3.660807393997236,2.7054235576734995,5.0,3.579566698523957,3.691177291266615,-0.11161059274265783
3.711756793820024,2.79321578403723,1.6000088581796865,3.438152858825256,4.3270912783211255,3.009300275680104,3.174045114636664,-0.16474483895656
2.7212935548592077,4.513528724598351,5.0,5.0,3.947895775132351,4.137323292764054,4.236543610917982,-0.09922031815392796
4.981697437914644,3.7314110821159625,2.69902769392978,2.372370071807544,2.8330764388684084,3.203167893969784,3.323516544927267,-0.12034865095748293
3.327735510206645,1.4105233111412931,5.0,2.4181385222580234,4.491746006221889,3.0288592191641484,3.3296286699655697,-0.30076945080142137
3.518113576146743,2.0976793043311703,2.8484117280338794,3.8376875950695784,4.883522642906296,3.304387021340247,3.4370829692975335,-0.13269594795728645
3.813052648574323,4.052633040417962,3.050140176332032,1.8294843866595196,3.0391251164541657,3.045660099365416,3.1568870736876002,-0.11122697432218409
3.6971014022971467,3.286296881324088,3.403035509288176,1.5611618099332885,3.016460955849043,2.8699613823045516,2.9928113117383486,-0.12284992943379702
3.722075513061276,3.6883038256717526,1.3598404414416922,4.483338089453167,5.0,3.344523588187335,3.6507115739255775,-0.3061879857382426
2.3622436384893186,2.0919443714192183,3.2816798731562478,4.559938265608997,3.0095614115436997,2.9477228040002164,3.0610735120434964,-0.11335070804328007
4.930993629777409,4.235649050133824,2.743240997476111,2.8014197231221516,4.719205464387853,3.7659373271947825,3.88610177297947,-0.12016444578468732
2.8939375265164022,4.88301232856925,4.360217718846785,4.919533526833153,4.852186831747237,4.300404597086278,4.381777586502565,-0.08137298941628757
3.2655528716896676,2.475490091201044,4.7816299451033455,3.780354335500584,3.353028806298329,3.451697543969225,3.531211209958594,-0.07951366598936893
1.7966615994671467,4.313991111305283,3.166797769437058,5.0,5.0,3.6106149339580362,3.8554900960418976,-0.2448751620838614
3.5691634667428214,3.1906739733593645,5.0,2.929843358893855,4.724472643743464,3.795974818013828,3.8828306885479007,-0.08685587053407273
3.4752744412786463,4.009882899389141,4.082059481550125,2.861695145357734,3.0267084887308084,3.4555630170648852,3.491124091261291,-0.03556107419640586
3.6187970885102825,3.751873968394982,3.1409058753530115,3.717946284298753,2.385394449357846,3.277525974303462,3.322983533182975,-0.04545755887951275
4.641950138967996,3.9529100583185293,1.5308295670110836,4.504239490368273,1.8213354321268023,2.9683228223305878,3.2902529373585367,-0.321930115027949
1.9283609088157745,2.897486863715018,5.0,3.843118918926137,2.0723381157150174,2.9475748849177967,3.1482609614343895,-0.20068607651659276
3.1012658944874634,3.892080124727219,4.182119599805295,2.600555329190593,2.159985976841581,3.0940466026355202,3.18720138501043,-0.09315478237490993
2.2751607293826095,0.9825990956022213,2.8909633827449706,1.4196623307327614,4.178653994064553,2.0736263404524014,2.349407906505423,-0.2757815660530216
5.0,3.4537975648937427,1.8514697061540153,3.5122172588074414,1.3348052618879893,2.7236829694971116,3.0304579583486375,-0.3067749888515259
3.5887558947605553,1.9546993626016027,4.554069984437164,2.965894112493059,4.098146521808594,3.2948325125725098,3.4323131752201945,-0.13748066264768477
2.755738648302442,3.965021199446687,1.028068207935371,3.8564885014820067,5.0,2.9317943463898484,3.3210633114333015,-0.3892689650434531
2.6554851825672814,2.8417020914052777,3.3635257800067944,2.2758689666745098,3.656707692037649,2.9170974515801347,2.9586579425383026,-0.04156049095816794
5.0,5.0,2.6062176976730136,2.529353250280605,5.0,3.8298876841463576,4.027114189590724,-0.19722650544436604
2.8610583307758786,4.0779559636521965,3.0589085568178422,2.733040665589338,2.581467995471842,3.021410369780138,3.0624863024614193,-0.04107593268128129
3.7604394386153404,3.5344865603315547,3.4280554050499834,2.0337011150226387,3.1536384894449174,3.112736512642716,3.1820642016928873,-0.0693276890501715
2.946698006690055,2.5715272315393825,3.1325054393186416,3.619442887401451,3.884741358597746,3.196571960679577,3.2309829847094553,-0.0344110240298785
3.161942338020033,3.1205492348589234,2.8985106793336968,3.61871160833265,2.2586814665266735,2.9768281940852717,3.0116790654143957,-0.03485087132912401
4.343738528961844,4.116562037521482,3.7840611568428386,2.650888837628673,1.5997268296077702,3.101407025141571,3.2989954781125213,-0.19758845297095018
3.698059701713623,2.233651426390059,3.2070599188900237,3.85220744801023,2.2916500977849728,2.9770825239017658,3.056525718557782,-0.07944319465601613
5.0,3.65138954531598,1.862114371935349,3.5491798958958145,3.0201527188983537,3.253256365706871,3.4165673064090996,-0.16331094070222862
3.7746648614869747,3.9228214382725923,5.0,2.3989372942552922,2.620062577326004,3.4162960638220774,3.543297234268173,-0.12700117044609538
3.1599988636304044,2.829451573734854,2.271885432233085,3.4618230487890913,4.109921629458131,3.105866645980707,3.166616109569113,-0.06074946358840627
3.920243601060448,4.006149224345568,4.118551069044617,4.171724550800871,2.910436641205784,3.793251876894941,3.8254210172914576,-0.03216914039651675
4.531620853184285,3.2103850569988186,3.9121446466335494,3.9579321347251586,4.242754757130774,3.9451940877812537,3.970967489734517,-0.025773401953263164
4.239265620277081,4.2623793874924525,1.1062349959804787,2.473800725474457,3.8820170154317224,2.861820922958356,3.1927395489312387,-0.33091862597288246
3.9897591730915,3.966452097994898,1.4529913987107044,3.2121553656953883,2.8598179555760748,2.9170869484224426,3.096235198213713,-0.17914824979127042
4.946656865922701,4.441379306047932,4.173741105320662,3.990043143054137,4.38339174889758,4.375509255905682,4.3870424338486025,-0.011533177942920858
3.360743242579314,4.6315776473476316,3.57152309356147,2.913334665506879,5.0,3.816591030996691,3.895435729799059,-0.07884469880236811
3.7301737920888285,3.021644441191551,3.9934241893494726,4.930174369140019,3.9920591821822784,3.8857550860645613,3.93349519479043,-0.04774010872586887
4.030840489193964,2.949141837141995,3.3603269580301522,3.234576854274674,2.858737667670922,3.2620673051125952,3.2867247612623416,-0.02465745614974635
4.990145681728083,3.0197040653684466,3.595865325920646,2.3905374772354193,4.504055147964184,3.5743416061748228,3.700061539643356,-0.12571993346853327
3.0799530052779494,3.8595092248803233,2.901022193917052,3.7667439572696977,2.4725754701493585,3.1721124629986885,3.2159607702988766,-0.04384830730018807
3.4989894099554966,5.0,4.116643528467463,2.616270220771815,3.5616988735711193,3.675861488654445,3.7587204065531794,-0.08285891789873423
4.630254047022456,3.3276497313888065,4.029768629351543,2.9924570159945985,4.074386361281751,3.765498974158297,3.810903157007831,-0.045404182849533736
2.7009936188581554,5.0,3.0895454918085736,2.0233868842568627,4.060768192320973,3.2137719597484566,3.374938837448913,-0.16116687770045646
4.124329953926866,5.0,2.2018840781118616,4.664234141240758,4.0612767636098726,3.862888365371238,4.010344987377872,-0.1474566220066338
2.8994806192878686,2.111913956832351,4.299035534549357,2.5295852194062802,3.4592898220823662,2.968115151390001,3.0598610304316445,-0.09174587904164344
3.496963887464372,4.579182930371112,4.189720663893306,1.3028184479799658,2.3897196889503878,2.910576470581764,3.1916811237318288,-0.2811046531500647
3.2387837767362186,1.1705725293619782,4.334988510741974,2.209772609748717,4.738918758484424,2.8000063529801786,3.138607237014662,-0.3386008840344834
2.720163066941236,5.0,2.7043916228451508,4.970030004424986,2.998623528037201,3.530068202034043,3.6786416444497148,-0.14857344241567194
3.230806088187733,4.420324991300955,2.305317883717456,1.7810900764279356,5.0,3.1148013926038822,3.347507807926816,-0.23270641532293368
2.0940187544132014,2.211978833804381,3.2986260483916245,3.4714244410488955,4.276864505974429,2.9590040891733254,3.070582516726506,-0.11157842755318059
4.047372702427318,3.173972699839748,4.915118690617187,2.4095221214376172,4.744166922985132,3.729754570275612,3.8580306274614005,-0.1282760571857886
4.59228347765921,3.8434376527045258,3.329376447004138,2.1697808933314775,1.4888944413542506,2.855474224346418,3.0847545824107203,-0.22928035806430236
2.6978109145773077,3.9202910770020307,4.634732230964963,5.0,4.069238110703783,3.978941146383019,4.064414466649617,-0.08547332026659804
3.0716008943676845,3.3157471409418946,2.543221398417926,4.423635119795072,2.897273123398307,3.19315366451952,3.250295535384177,-0.05714187086465694
3.488175546533564,3.663262683217299,0.756274145151627,2.7078269433055717,3.4927649406877572,2.4671024385528724,2.821660851779164,-0.3545584132262918
3.6076424782627403,2.806054746064994,3.3054527934186653,3.3469978730251504,3.8663493320493476,3.367452074905257,3.38649944456418,-0.01904736965892262
2.9812381289856766,4.223283736258624,3.4104302667418893,4.5953407241619475,2.0416541646622344,3.3191830158894278,3.450389404162074,-0.1312063882726462
3.5672394243079943,3.3686022934323643,3.862017233929112,4.320417271010373,1.6955530252204607,3.208386314879986,3.36276584958006,-0.15437953470007404
1.479467496517032,3.678792240834335,4.380206993287641,2.6792921261155147,5.0,3.1685391625197887,3.4435517713509043,-0.27501260883111556
2.735461831701249,5.0,3.8748285104051274,2.575412181335154,1.581258184188668,2.929682361964714,3.15339214152604,-0.2237097795613261
2.828547912626284,3.566098029995326,3.995811531872506,4.540436405920879,2.550732395093653,3.4184155993293035,3.4963252551017296,-0.07790965577242615
3.406497898874486,4.233782254938899,3.4747226288263446,2.2345820246295,4.2860071971209805,3.437488046567696,3.5271184008780425,-0.0896303543103465
3.0209657987772,1.5637987320603253,4.209029428673734,5.0,2.7310661461258587,3.067341779845637,3.3049720211274236,-0.23763024128178678
2.013641561055211,3.2003154122435844,2.8858997833135867,4.300862989469221,4.83024700842865,3.291517955632178,3.4461933509020506,-0.1546753952698725
4.139903861727483,3.4467095497072973,3.778462848191701,2.2103791383776192,2.3879650251441182,3.0962852713586417,3.1926840846296436,-0.09639881327100186
2.7675240047004426,3.8980866715841316,4.9181057848984615,2.069093841810462,3.143388057240508,3.217983315818496,3.359239672046801,-0.1412563562283049
2.5267909940023,2.8466589464828065,3.7552634760348913,3.4664209179742054,2.8200455065846675,3.0502575938513985,3.0830359682157744,-0.03277837436437592
2.672410575036131,2.833993258376385,4.726298474142764,4.736757281103404,3.8842163600138875,3.662026955286214,3.770735189734515,-0.1087082344483008
3.726728831490265,3.3997620614118755,3.4394139886027477,1.772140901296062,4.23251420317105,3.1832554304935163,3.3141119971944,-0.13085656670088364
3.40128147100125,3.8234978365094454,4.480729640292713,3.966340194846398,2.169407873337046,3.4676612632397643,3.56825140319737,-0.1005901399576059
3.393223651771072,3.6415241373934326,3.66793054097442,3.9637356078105523,3.3431539209267642,3.595138006972351,3.601913571775248,-0.006775564802897094
1.9598219684335811,2.6191978964652187,5.0,2.6703690015797816,4.255181989505229,3.111493307824687,3.3009141711967622,-0.1894208633720753
5.0,2.5328483572149354,2.0491984614119705,2.1978485407437764,2.3538021891834964,2.664318789599063,2.826739509710836,-0.1624207201117729
2.2775365717091782,3.0270842574666346,2.032652187925101,4.297775110894989,4.372136978337912,3.0485833783412253,3.201437021266763,-0.1528536429255376
4.038268900864525,4.467369861702793,3.291843919710574,5.0,3.927348821243164,4.105359296433752,4.144966300704212,-0.03960700427045971
2.7366995119493187,1.545529074038363,1.7346338442655278,3.714624861583803,2.237716047368028,2.2753405643891607,2.3938406678410082,-0.11850010345184758
3.3954266426443835,3.714262679955321,4.538151321941489,2.1625031479543937,4.460192308861851,3.5350149475856742,3.654107220271487,-0.1190922726858128
4.58073074050323,4.277978724743735,3.716381980331889,3.0806481029335084,3.6308820188198503,3.8211104567646514,3.8573243134664423,-0.03621385670179089
4.008936891140806,3.6185059099022685,3.6570590125413793,2.2823122746917313,3.4273078808648116,3.3389024589875342,3.3988243938281997,-0.059921934840665436
4.441309553554803,3.6951569634366948,3.8503955635589726,3.3547296547384886,4.896562374852056,4.010879554602201,4.047630822028203,-0.03675126742600199
4.901848952816625,3.8302257830343813,1.8200862083755214,4.87784633626197,0.6520652218851422,2.5541069701295256,3.2164145004747278,-0.6623075303452022
1.797772263900114,3.7639560376105856,3.4857759818476515,3.223899297916989,4.203135091753547,3.169032561462897,3.294907734605778,-0.12587517314288066
3.7080207474849334,4.0838514945338105,5.0,2.1714927595185873,5.0,3.8280896340445763,3.992673000307467,-0.1645833662628906
4.072388249708561,4.799749968791408,3.116175463922249,1.3095545014017014,2.782486110881474,2.9461120156120173,3.216070858941079,-0.2699588433290616
2.031938895054382,3.1102535407765117,3.7646797934989085,5.0,2.4408196173248107,3.10876600263685,3.2695383693309226,-0.16077236669407258
3.5384089407134534,3.1585351993744553,2.398281540538125,3.269853183326856,4.114068499765332,3.2463753813170033,3.2958294727436437,-0.04945409142664037
1.8179756401038372,4.614798077860248,4.097096996385499,3.0975458660809703,5.0,3.5094652923082883,3.725483316086111,-0.21601802377782287
2.796651667487891,3.5958422824504574,2.688626049751842,3.2653575691600283,3.6713823111158668,3.1779419071144446,3.203571975993217,-0.025630068878772505
2.8589288035433187,2.4949153195008638,2.9749684565169106,3.5735254776698016,3.8504800865623263,3.112222627442529,3.1505636287586443,-0.038341001316115175
4.783341683702989,3.621791894258701,2.7802160901554234,3.607091042457737,4.492246676728069,3.788530865934008,3.8569374774605842,-0.06840661152657646
3.5261386856940344,2.4694179409990324,4.516035337603739,4.2555022046865245,4.184189475230622,3.7071716608847427,3.7902567288427904,-0.08308506795804771
4.770041958375924,1.1089428679623556,2.725715963548739,3.695228547493865,4.952033707040048,3.0497720019266317,3.4503926088841865,-0.40062060695755486
1.5887509397834734,3.0105498792328746,3.6761617315046524,4.420479715244772,4.7648351149223815,3.2637937557033103,3.4921554761376306,-0.22836172043432024
3.345760211739424,4.440693488072645,2.5868644638094622,3.207100364624578,5.0,3.613768833517645,3.716083705649222,-0.10231487213157697
3.6005975224982043,5.0,3.738498898090696,1.8120643250774735,5.0,3.6060943950045035,3.8302321491332747,-0.22413775412877124
2.2517722157742632,2.1470252994334595,3.847346789220751,3.62128024100365,2.247450601205143,2.7290723441609037,2.822975029327453,-0.0939026851665492
4.453900762770211,4.037391899121603,3.9766903005646106,3.4545201862628767,3.995072292539684,3.9705906738358587,3.983515088251798,-0.012924414415939278
3.2077610207883938,4.057890235288049,2.305388568594024,2.763413722368779,3.7700164305842785,3.1550563325758514,3.2208939955247047,-0.06583766294885329
2.0074511500940915,5.0,3.020970896325502,4.519176704935457,3.8929151030068616,3.510905640355571,3.688102770872382,-0.17719713051681119
1.919733802552977,2.1088602190561643,4.2624483421714325,3.1017463047898026,2.6326996112481114,2.6902404823005486,2.805097655963697,-0.11485717366314852
1.404768707978878,2.1756710065164597,2.550592916784419,5.0,2.0209985032614224,2.3948319242038814,2.630406226908236,-0.23557430270435464
4.623285900970501,2.9165548741411023,0.8046022675908913,3.667041989228985,2.5168236084702538,2.5125468201056895,2.9056617280803465,-0.393114907974657
3.51895044831768,1.9011404766558366,3.950061510413674,3.049705910802956,2.5041170518395965,2.890605076637298,2.9847950796059486,-0.09419000296865043
3.272448206173237,3.2637121901548163,3.450096467124457,3.2423501871249165,0.7175409830981274,2.4357039515858063,2.789229606735111,-0.35352565514930445
5.0,2.9788349085737797,3.115556033892218,3.4366299072852895,3.678023037590418,3.578160714494516,3.6418087774683405,-0.06364806297382453
2.3303739279518005,2.4194073203604605,5.0,2.598517292311136,2.6556858823093803,2.8694679921828303,3.0007968845865554,-0.13132889240372503
2.960664667639938,3.5539604655518313,4.890292159056703,2.9744798603302867,3.954368687288528,3.6006836118354246,3.6667531679734573,-0.06606955613803267
4.905192698380139,4.998777258362731,3.254140440973197,4.089226498203286,1.9894199046115972,3.6514449302935437,3.8473513601061904,-0.19590642981264672
3.9348202277139555,3.5121607044322567,3.7966176685564546,1.8691646837252789,4.160973861548357,3.327727370220926,3.4547474291952605,-0.12702005897433466
4.578435741864327,3.1870106221222305,4.216479603753128,2.2482955150079738,5.0,3.6980672729440496,3.8460442965495316,-0.14797702360548204
3.5922006435372484,3.3922239069578124,3.748274540497084,3.48239936121229,3.7917949689479564,3.5981559469483795,3.601378684230478,-0.0032227372820985423
3.2517088291377583,2.855907657143751,1.765285842799844,3.727708731350166,3.983229385778898,3.0010250979820414,3.1167680892420835,-0.11574299126004206
5.0,2.4909858035118804,5.0,2.117016766414992,3.0801982019765424,3.3244732617785537,3.537640154380683,-0.2131668926021293
2.7770187521453806,3.321912866550472,2.5066711525865917,4.539258800315494,3.5312757483215185,3.2643460952443157,3.335227463983891,-0.07088136873957529
4.341882569913529,4.089971306836213,4.049439639111186,5.0,3.3524449968790853,4.132615364198158,4.166747702548003,-0.03413233834984464
4.677909892222692,2.0498926988100052,4.159201305528289,2.8430267171180725,4.248788364325512,3.44007405877516,3.5957637956009143,-0.15568973682575438
2.677994616946281,3.7107004868000635,3.964503142630969,3.3761589260526947,4.001774678376385,3.509344279991786,3.5462263701612784,-0.03688209016949218
2.6759767717384486,4.408318200583906,3.3691693980057784,3.4450182334663335,2.775257098178558,3.2806097686411375,3.3347479403946045,-0.054138171753467024
2.109379499879431,3.4573771387734564,3.9827512346794447,5.0,4.434466278115868,3.645685523876011,3.7967948302896395,-0.15110930641362863
2.322377375729229,4.294105299444825,4.44100701844408,3.6255236449274433,2.231151834334205,3.2421817873164533,3.382833034575957,-0.14065124725950362
3.6068507915989154,3.612600656956702,3.1276974045763133,5.0,1.9457521233652662,3.3086137944073184,3.4585801952994393,-0.14996640089212088
4.204164850160426,4.975617451326495,4.769376775360107,5.0,4.01586962432069,4.574541714613437,4.593005740233544,-0.01846402562010674
3.3081710560284376,2.6622265480947602,2.0336964771537334,2.47026514426043,3.856282291066629,2.7951575912185116,2.8661283033207985,-0.07097071210228689
2.328158144322595,4.906090065002466,2.7000540539281506,2.446371405848791,2.096486472969117,2.7531316670433035,2.895432028414224,-0.1423003613709204
3.804173140720742,3.104235470804899,1.8494080031551823,3.839204431638888,2.7750824361858717,2.9740821357148355,3.0744206965011167,-0.10033856078628123
2.9825974944890494,3.903099270555375,3.0059781397367367,3.021484409612195,1.7008984702543375,2.8247353336607706,2.922811556929539,-0.09807622326876864
0.7518858459678537,3.777907934006112,3.447975526399112,2.250595228792693,2.156847805962513,2.1647954666736875,2.477042468225657,-0.3122470015519694
3.203450753199909,3.680464834967888,3.2394087685642896,5.0,5.0,3.9444394828719993,4.024664871346418,-0.0802253884744184
4.523620183846491,4.104832418042511,2.6578139009155257,4.536598751092719,5.0,4.071939355304457,4.16457305077945,-0.09263369547499245
3.518728591120623,2.003224344131932,2.151761053150966,4.730925987785501,3.743541063763563,3.060748401698076,3.2296362079905174,-0.1688878062924415
5.0,2.959121338598111,3.1547478305437826,3.053418084707991,3.5496468119002897,3.4738716547300648,3.543386813150035,-0.06951515841997002
3.0568112943226042,4.436888948171019,3.2902527869259073,3.158181580562349,3.674222081929389,3.490083283418013,3.5232713383822536,-0.03318805496424071
2.2887426550061627,2.1941954806226067,4.075557007136942,5.0,5.0,3.4817681816540462,3.7116990285531424,-0.22993084689909615
4.823894828295202,4.024089274038856,4.9005825966965375,5.0,2.7750027630441045,4.208325416256936,4.30471389241494,-0.09638847615800383
4.222146790345718,5.0,3.5079526943644987,4.261451015057859,3.3027380498906114,4.01418827657712,4.058857709931737,-0.04466943335461693
3.9147642347217446,3.545928852085776,2.6234592700727486,3.215688282814452,4.929229578710779,3.5667493345342836,3.6458140436811,-0.07906470914681663
0.1,5.0,1.9141432250426882,2.5807591375091166,4.773776155045153,1.6379882870999753,2.873735703519391,-1.2357474164194158
2.9356251910497435,5.0,5.0,4.346942479880054,4.780360734259727,4.3316866802881115,4.412585681037905,-0.08089900074979361
3.197087088250635,5.0,5.0,3.5268534699065937,4.774828875809544,4.224817375830272,4.299753886793354,-0.07493651096308263
2.3477386249229832,3.2217600058618285,3.136446286117745,3.3996933956524655,2.8677778922834802,2.970524987087261,2.9946832409677007,-0.024158253880439684
3.0127726181973684,2.3493151407444377,3.105455835482162,3.4745573658601057,3.854922959573356,3.1173792189870673,3.1594047839714863,-0.042025564984419006
3.0947379664299266,3.79343481295335,2.511782975148388,3.551698748047532,5.0,3.497912564735707,3.590330900515839,-0.09241833578013203
2.9477437285616697,4.254839072891967,2.519097772810016,4.510667640587202,4.50730857274638,3.643805618961302,3.747931357519447,-0.10412573855814466
5.0,4.213444951395107,3.677878723221622,3.585547702885643,4.500697170406638,4.163015290680493,4.195513709581801,-0.03249841890130867
2.776097355629312,3.9210543674241056,2.7620270292082085,4.088782694749648,5.0,3.6118183738659915,3.709592289402255,-0.09777391553626336
2.724606539288163,3.0210607846650697,4.3072684420768805,1.9212051638084036,4.20004838332565,3.0995500048099833,3.2348378626328333,-0.13528785782285002
2.9782149771091935,1.1856603659346168,2.514999838196739,3.27824548679655,3.287824952589874,2.49000886508243,2.6489891241253947,-0.15898025904296453
4.570991444468662,4.211027456359696,3.14541035405655,3.5411210162126774,3.5412724801262696,3.7676901638817593,3.801964550244771,-0.03427438636301172
2.408881003597547,2.642435750310984,4.4123293788084315,3.899119133226062,3.5453756413778756,3.2947562757473943,3.3816281814641806,-0.08687190571678638
4.780635626068373,3.407256546698309,3.93520957574891,3.500079368714279,3.5212565499493995,3.7977535730921836,3.8288875334358545,-0.031133960343670886
5.0,3.575888623786092,2.8240323590015364,3.745034381772456,2.7727954044175434,3.4988027426004633,3.5835501537955254,-0.08474741119506213
3.059792083714781,3.1860403064809786,5.0,3.393377474683082,3.8710851006198332,3.6414606027281566,3.7020589930997345,-0.06059839037157788
5.0,3.887265076109992,3.2764438981474795,2.430874241010658,1.931613575605504,3.1270867365414174,3.3052393581747266,-0.17815262163330914
3.7498020407365753,4.133027417554049,3.4154117744009476,2.8176454122093997,3.340708580060816,3.4632905341691007,3.4913190449923577,-0.02802851082325697
4.381643400572282,3.0105985464412086,4.201133171050751,3.32188180060958,5.0,3.9156340916815258,3.9830513837347636,-0.06741729205323788
2.5510569686018414,2.958202452171126,4.061548991008461,2.7466704331559417,3.167199799579838,3.056218159895429,3.0969357289034414,-0.040717569008012156
3.5797530385488914,4.4771692730425325,4.174451291492098,3.0521358774955174,3.512755021658067,3.7251309248929076,3.7592529004474216,-0.034121975554513906
2.246592962509873,2.2952126505408055,4.390275859680858,3.6374205043884977,2.724317698957261,2.9524195949762455,3.0587639352154588,-0.10634434023921324
2.4091657416775325,3.512872473030826,3.315391747134535,3.1157610202332022,3.197112885855362,3.085156541494427,3.1100607735862917,-0.024904232091864653
3.673545849607179,4.078171278465742,2.4059691993110413,1.7761762132549352,5.0,3.1700010693798095,3.3867725081277795,-0.21677143874797
4.4530846886634805,3.375941724279313,3.696287342520379,2.9858949647302735,4.203174084462561,3.7042023677840246,3.742876560931202,-0.03867419314717724
2.9631256846310006,2.863069396868771,2.199662368865274,3.2144974710077245,4.827001755612803,3.107031838731956,3.2134713353971143,-0.10643949666515828
3.3204065505425473,2.26581818637077,4.478640480528672,3.287558732881135,3.5433352530382236,3.3019436494379435,3.3791518406722694,-0.07720819123432587
2.636034752969247,4.483400443490712,3.3600035087273894,5.0,4.434396874636336,3.8809727319344933,3.9827671159647364,-0.1017943840302431
4.001102312692578,4.6196228543199584,3.2700440911645705,3.8272573532034877,2.5494754286343855,3.5820830995235564,3.6535004080029965,-0.07141730847944006
3.781154269704059,4.1961486351125,2.180623032605147,2.9012084634892448,2.860206819262551,3.1017475345762815,3.1838682440347,-0.08212070945841843
3.5579502037329784,2.278434105560761,4.110514655609877,1.8866636519964335,3.3445885918884124,2.914432123826981,3.035630241757693,-0.121198117930712
4.45409620567486,3.7294803659741866,4.304010030463959,2.1644305005842153,3.4675487262002846,3.515033611538033,3.623913165779501,-0.10887955424146822
4.294062907647542,3.505967303865597,2.2046410841201056,1.6937918418151103,3.7348546766256554,2.913597669416958,3.086663562814802,-0.17306589339784395
2.712294618950078,2.656045403979406,3.062252401714391,4.871288292578052,1.5513947669920627,2.782248386409733,2.970655096842798,-0.1884067104330649
2.4650247401781575,2.0925194240999283,3.522039200765197,5.0,2.758740326183217,3.0185137514178244,3.1676647382453003,-0.14915098682747585
5.0,2.9582994671088167,2.275338955499076,2.4747681363831906,4.23802022375113,3.2325939552313048,3.389285356548443,-0.1566914013171381
3.5080037111513285,5.0,4.398318974397478,2.0056478455091438,2.6227843162210323,3.3240443222982514,3.5069509694557963,-0.1829066471575449
3.250788170053267,5.0,4.652765062547811,4.322091815784506,3.615784418356819,4.116359183569273,4.1682858933484805,-0.05192670977920777
4.45825695179169,5.0,3.5457057126658924,2.066572795802247,2.9214359361184887,3.433499372955342,3.598394279275664,-0.16489490632032178
3.1698314103188707,5.0,3.660137844790333,2.2756443379766536,3.0553983286289133,3.319977701846745,3.432202384342954,-0.1122246824962092
3.956853475527791,3.9091903277658755,3.8316065315374987,3.0549244011618035,4.456308578872562,3.813806744847518,3.841776662973106,-0.027969918125588134
4.657848607243311,3.299288344347418,4.726560706505006,2.7827762219148693,4.173758724337308,3.8479666647897295,3.9280465208695823,-0.0800798560798528
4.683123929975338,1.513024827726691,3.1213218836734575,3.573181243182473,4.402477771725185,3.2232537454372268,3.458625931256629,-0.23537218581940245
3.6689724409559985,3.9406384471826286,2.270844131044032,5.0,3.225125268703054,3.5056050961241807,3.6211160575771424,-0.11551096145296169
2.276385508527013,2.695271498733062,4.291560152191045,5.0,2.460141052810854,3.1774498850130257,3.344671642452395,-0.16722175743936907
3.5937381495460867,3.1252630852116026,3.663214927019136,3.7840540208299993,3.4614278080565053,3.518046728517128,3.525539598132666,-0.007492869615537856
3.228751998326782,2.0938341481555134,4.10711195711139,4.871635877621258,3.3738447449917643,3.4030057614001548,3.535035745241342,-0.13202998384118736
2.8904467535379226,5.0,3.87738403873541,3.4486807561130646,1.6413255839715826,3.1642027652061206,3.3715674264715965,-0.2073646612654758
2.111993019553655,1.853560851315511,4.291960511965526,5.0,3.8487651396140565,3.176356880498805,3.4212559044897497,-0.24489902399094454
3.4053972412545073,5.0,3.7878473106129156,5.0,4.45346056514737,4.279958645682615,4.329341023402959,-0.04938237772034437
4.184583590877545,2.469185277571577,4.501097742528589,5.0,1.1514437903271513,3.058774235090884,3.4612620802609726,-0.4024878451700884
4.946777082473883,4.185140401309648,2.263175303875941,4.141421054251478,3.18693067450815,3.6162172556514918,3.74468890328382,-0.12847164763232843
2.947425984360774,4.40939062749861,4.609122702053565,4.145019158564482,3.2113972473831613,3.8048020338466677,3.8644711439721178,-0.059669110125450064
4.0672737978694915,3.5550433300074604,2.44858680144762,4.587613316691852,2.7369308037246216,3.385188733172979,3.479089609948209,-0.09390087677522985
2.5894980365013405,3.87902719204036,3.1711348178159926,3.3908455163437146,2.896307202244185,3.1554488810612633,3.185362552989119,-0.029913671927855656
3.6580280891038885,3.982163917002452,1.8165628801141036,5.0,2.9467608259216753,3.297511351701994,3.480703142428424,-0.18319179072643
3.2674478243081357,3.6314287697849688,4.0295421975067285,2.4870143479334326,2.7034727538345873,3.1726958274251045,3.2237811786735704,-0.051085351248465916
1.5620598895816264,1.9372916456933256,3.1867236541721846,2.8086892565740813,3.608857935405683,2.5004726805333695,2.6207244762853805,-0.12025179575201106
4.01565385798356,3.1905915727805056,5.0,2.6434907573695976,3.5002026201302523,3.585697876937937,3.669987761652783,-0.08428988471484589
2.1988498889842325,3.6392398737450202,3.0055485495913747,4.771839109201061,3.164164330049849,3.2509850092126817,3.355928350314307,-0.10494334110162518
2.9488688091767914,5.0,2.2525964328486756,2.4098548001456765,3.3406982330743706,3.0579289769408886,3.190403655049103,-0.13247467810821423
3.875487813759161,3.9306973357977992,4.521408557353361,3.6220340868491543,4.204002026517556,4.019176110658077,4.0307259640554065,-0.01154985339732928
3.178246146389779,4.293815019583406,3.0620382659914984,3.623495848521711,3.455917746096457,3.497409841693778,3.52270260531657,-0.02529276362279198
4.384586474452556,2.4419108929843265,3.4594783540442764,4.37307306329915,2.840462499331353,3.408544533873683,3.499902256822332,-0.09135772294864886
3.0916168335116967,2.2354743460537754,2.321515204387363,3.4490992589098664,2.9596524340697794,2.7723921362100805,2.811471615386496,-0.03907947917641552
3.0808081800202203,3.218168914863259,2.497023116421607,3.6335213900366456,2.9324522457428266,3.049656642532079,3.072394769416912,-0.022738126884833232
2.8518520604536097,3.402713819278303,4.801013380213377,3.511171732272613,2.9237332121418547,3.4350655528966114,3.498096840871952,-0.06303128797534052
1.5089720219528013,3.1606972704241,0.25829911163865216,3.7112511785981304,2.7766965556808794,1.662367938861842,2.2831832276589124,-0.6208152887970704
3.117461455696838,2.0000847921552207,3.3515715330239946,2.8857444733108517,3.0036470006651474,2.8287915853669072,2.8717018509704104,-0.042910265603503195
3.7254838476977614,4.820918316047148,3.643987580275058,3.8345301767666906,5.0,4.165952386786823,4.204983984157332,-0.0390315973705091
2.4016687827082834,4.58948912773153,3.6781957333149498,2.037817671810952,3.0378408270957316,3.019454757475873,3.1490024285322895,-0.1295476710564163
1.6905190779650743,3.8622522626515536,2.9453721216085924,4.549190072798388,3.8547731790567124,3.203219938933828,3.3804213428160637,-0.17720140388223582
2.828297434808121,1.7790834806211215,4.632594058481171,2.639319564592549,4.446689801489401,3.0719553058106355,3.2651968679984726,-0.19324156218783717
4.824814494117932,4.114793881183165,4.025354160790995,3.7761121952972485,4.981625763897057,4.319264084520455,4.34454009905728,-0.02527601453682493
3.838219395876391,2.154224501315487,2.4675151276880456,2.8930622740987557,4.82165473214717,3.096327530311518,3.2349352062251695,-0.13860767591365164
2.8513285177505576,3.51057005912875,3.4328198232607994,3.0829403724680216,4.04264154273017,3.360015294416718,3.384060063067659,-0.024044768650941073
5.0,3.7419204147941634,4.870015738949356,3.7839981240737703,0.9731398689796507,3.199957562131311,3.673814829359388,-0.47385726722807675
4.089095988415683,4.58138615502414,5.0,3.9543965286395273,4.391035801079701,4.38781471844611,4.40318289463181,-0.015368176185699411
3.0394102493718353,3.488867225981061,3.6554672412164435,4.199289913957476,3.5124256341897597,3.5599174862631764,3.5790920529433152,-0.019174566680138838
3.1341259899090606,2.569647990809667,5.0,3.1698619597108593,3.3404569778509843,3.3570767056313198,3.442818583656114,-0.08574187802479427
3.5686274562269764,1.9750206419102312,3.5241422820529893,3.6721470018778932,2.4871210689856857,2.959025134187269,3.045411690210755,-0.086386556023486
3.5269953304262165,3.8959042290437345,2.9470751999601905,4.4680098713791665,4.288209717767283,3.78406774710678,3.825238869715318,-0.04117112260853828
2.9417422983549466,4.746124144840753,3.8847628800222505,3.9498938589801735,3.2874802704887247,3.711516221237008,3.762000690537369,-0.05048446930036121
4.560891248348846,3.006799133889713,3.270600524615598,3.8442128261997612,3.2746530228579442,3.551001613902205,3.591431351182373,-0.04042973728016808
3.372271186885605,4.147205862210952,2.417712606971478,2.378120551624414,5.0,3.317854419907307,3.46306204153849,-0.14520762163118306
3.7102976986808085,3.5183164538602845,3.016850375489898,3.3844463339195014,2.6724451782362113,3.2384617577152652,3.26047120803734,-0.022009450322074908
1.9499353837947175,4.515719062026463,4.494988702597503,3.5190510296863615,3.357031250605727,3.4195687351517328,3.5673450857421543,-0.1477763505904215
3.42132132170686,3.5017603918575375,2.2183850320411986,2.538027476613395,4.36351775473041,3.1172386809612456,3.2086023953898803,-0.09136371442863478
1.9933348770327197,3.7075910306807787,3.8446449642142406,4.027647931069716,3.5724161255522784,3.328958446803009,3.4291269857099467,-0.10016853890693778
3.8583255392578626,4.591344715396033,3.1915426026616727,2.153156737795126,3.45330686511801,3.347572922242502,3.4495352920457405,-0.10196236980323858
3.947077969732347,4.76907556757692,2.711816977843381,3.948587835641883,2.6962231444108,3.523981210201109,3.614556299041066,-0.09057508883995702
5.0,3.768725835052936,5.0,4.366351623378182,0.8302565421010946,3.2113904629818646,3.7930668001064425,-0.5816763371245779
4.108743502746867,2.3812125722612314,3.7241845499096424,4.5221645718204275,3.198126553676655,3.5023220627212233,3.5868863500829646,-0.08456428736174137
3.7437945587861687,4.088547017587665,2.7432525568959827,4.222150674829615,3.087356432667006,3.529014634891482,3.577020248153288,-0.048005613261805635
2.71035834112846,4.087716060002154,5.0,3.210318252293077,1.4264848736756073,3.0259276483281763,3.2869755054198597,-0.26104785709168343
3.3066000408708085,3.867636994214461,3.344302910655556,3.8437708710099296,3.9307832767516806,3.6481603091365518,3.658618818700487,-0.010458509563935348
4.1256395488214395,3.6245915285282613,3.5800973291441056,3.3587541400993306,5.0,3.897253727326293,3.9378165093186275,-0.04056278199233443
3.144248340002983,4.273189570699458,2.481500987076031,1.8174058752303384,5.0,3.1353142539316874,3.343268954601762,-0.20795470067007482
3.055941465259108,2.690516760508843,3.4108593448020783,3.9714820727215017,2.5557124740483403,3.0964340075136194,3.136902423467974,-0.040468415954354686
3.5320737692720288,3.1609804382370257,3.834149969876123,3.3331894111888527,5.0,3.721089651309035,3.7720787177148063,-0.0509890664057715
4.261054223938113,2.440588183008879,4.2594268617422015,2.6933017186964503,3.8836999373348013,3.413333171538226,3.5076141849440887,-0.0942810134058627
2.121721635604519,3.134920914912711,3.2975068453254064,2.945876364243434,2.0811137024231967,2.665153362468159,2.7162278925018533,-0.05107453003369411
5.0,2.260323255535197,2.1985322547212567,3.986073417222299,2.4404881499201583,2.9968091026594466,3.1770834154797822,-0.18027431282033568
1.8126401560171863,5.0,3.8254609886373903,4.081901804790459,2.274899951275599,3.173642815892819,3.3989805801441273,-0.22533776425130814
3.1728090205998045,4.036025976549398,2.758880737025101,3.929994861825787,5.0,3.7008250888423713,3.7795421192000176,-0.07871703035764632
3.802156737766433,3.181568156824337,4.496730746229221,4.043328439294247,3.8723225409961337,3.8552783118741827,3.879221324222074,-0.0239430123478912
3.7887024786831534,3.342823625269314,3.113764921223098,3.3012638399820644,5.0,3.6534906916084404,3.7093109730315263,-0.05582028142308593
2.4440665507581927,2.9084044140326863,2.4818419402829868,4.068168080822292,2.666851193138799,2.860144154526967,2.9138664358069915,-0.05372228128002465
3.8448565229036458,3.0263354567767937,4.2258478371442365,3.1787549395351453,3.91460921295054,3.6085381760989788,3.6380807938620725,-0.029542617763093748
4.124008124825649,2.2876973019948563,3.650316260288263,1.965492241955947,2.4229888794070638,2.773155764498746,2.890100561694356,-0.11694479719560968
3.171940803933588,4.215295499369861,2.2871114741706666,4.266054183454473,2.773025077889513,3.2485093350484564,3.3426854077636206,-0.09417607271516415
4.012259089678966,1.5136376097309356,4.7727181623445265,3.93936604066812,4.925585216536538,3.54823330962345,3.832713223791818,-0.2844799141683678
3.011226154459998,1.8376742533196455,2.8749638104331785,2.746495928839237,2.367930104188644,2.5290558787535637,2.5676580502481405,-0.03860217149457679
2.382271825224912,3.3543516335705226,3.4120754666440054,2.289112595709625,3.5055509998707777,2.9377064374678175,2.9886725042039686,-0.05096606673615112
4.2615642517330325,3.515470615726978,3.317475414212495,3.809977176434993,3.4242818326369395,3.6506518715914287,3.665753858148888,-0.015101986557459313
3.7733987583884847,4.598143349349366,3.5168899408391976,1.94715011533625,2.9169230505494204,3.220769750526187,3.3505010428925437,-0.1297312923663565
4.508248323218234,3.333666594042445,3.77806075283454,2.842052979119497,3.1247872004751978,3.4716050330750106,3.5173631699379824,-0.04575813686297181
3.5444324870267234,2.63058830261069,4.2697122288417235,4.177044390927468,4.3845982021047885,3.7373125402280936,3.801275122302279,-0.06396258207418537
2.9108696984217044,2.582789276830253,3.2807585503352956,5.0,2.957737999287819,3.2538920654308545,3.3464311049750144,-0.09253903954415987
3.1936975698068006,3.2284455601867585,1.8126348225371334,4.1428322036790615,4.450787658250509,3.217113318273497,3.3656795628920526,-0.14856624461855583
3.64531002463323,2.335721557427851,2.934807683919119,3.9502194347813155,2.266393968945491,2.950790405801076,3.026490533941401,-0.07570012814032534
2.559139010055417,5.0,3.4236458797703846,3.1266389755442354,2.744260265089204,3.2734909963584937,3.3707368260918478,-0.09724582973335405
4.782419907999101,4.633805467611009,3.3437837163594923,3.8312789431145267,3.222605742529691,3.9108839243953817,3.962778755522764,-0.05189483112738236
3.9199343810087073,4.914773347022855,5.0,4.60806984906749,2.606463349440314,4.098874246533523,4.209848185307873,-0.11097393877435024
3.1445710425732956,4.00665041324287,3.1038538204236548,3.6201945536095126,2.5069708108050275,3.236123311448385,3.276448128130872,-0.040324816682487
2.554615258233049,5.0,4.6104979264378,2.9295016063567467,2.303375491390093,3.310094280431368,3.4795980564835376,-0.16950377605216937
4.540734550033003,3.220225986964534,4.347247870685717,4.2867901912838775,5.0,4.235120972493777,4.278999719793426,-0.043878747299649135
2.4918502102135607,4.202265815859161,3.0622869750928223,5.0,2.297581596290459,3.2603067089379874,3.410796919491201,-0.15049021055321354
2.7173691814579657,4.873977048313807,2.7100481087249233,3.629921224027524,3.90824799233769,3.478385306921422,3.5679127109723816,-0.08952740405095971
3.796333051486537,3.8301442103994336,3.7044372568379687,4.430353867109906,2.758800338499601,3.6617785172326642,3.704013744866689,-0.04223522763402476
3.6628002980115664,3.998348857721473,3.362746072355973,3.362222874023222,2.95762070495297,3.4513690082928608,3.4687477614130406,-0.01737875312017989
3.1129686851843563,5.0,5.0,2.9600879715741186,3.83512729628796,3.883647752979623,3.9816367906092873,-0.09798903762966438
4.3511752324932855,2.5849190079636992,4.171984885228394,4.440636281299003,3.944818074935722,3.8280154726977096,3.8987066963840205,-0.07069122368631087
4.725557238613067,2.990313327323893,4.551619621285185,2.9044647769373864,2.4399513151147687,3.4021745541731097,3.52238125585486,-0.12020670168175052
3.4122270558041015,2.955515436444505,3.177042718036322,3.558667783768092,5.0,3.5578721008204717,3.6206905988106044,-0.06281849799013273
2.530437111849019,4.263611203497392,1.9977676602527787,4.414558201057628,3.8255229628310174,3.2525144624020554,3.406379427897567,-0.15386496549551154
2.2828259750045277,2.8984186038952893,2.5679666664729153,3.5462105101122665,2.207750842345706,2.6594239378725297,2.700634519566141,-0.04121058169361147
3.468821188960682,4.217809125880064,2.8147836426110326,5.0,3.0141757983688464,3.6188492103948278,3.703117951164125,-0.08426874076929725
2.041641406380819,3.7074541863226167,3.2236225968357366,3.6560554808141137,4.451934808851851,3.309727242404307,3.416141695841027,-0.10641445343672018
3.0857601171743574,3.5185227590395183,4.197344539134134,4.774914055877057,4.938140185250245,4.038733752681166,4.102936331295062,-0.06420257861389622
5.0,2.8257494021927902,2.25299610638705,3.369298357004134,3.665776873786007,3.3030406417451554,3.422764147873996,-0.11972350612884064
2.7603702381583854,2.430443289299482,4.956057400841244,0.8640916101972365,2.111089278566724,2.272851748543437,2.624410363412615,-0.3515586148691776
5.0,3.7277885802057775,3.264987149472178,4.68437020443486,4.513539090274326,4.18691586982923,4.238137004877428,-0.05122113504819836
4.633830973926842,2.857817894697474,3.5713436399895206,5.0,4.641750001413732,4.055940974442781,4.140948502005514,-0.08500752756273311
3.3918262526467924,2.8262080455756586,3.141514899268496,3.8385877398801056,3.911267620079739,3.39666855552796,3.4218809114901583,-0.025212355962198174
4.412268610661856,3.340972723135287,1.599367972167226,3.8266705247862927,2.5019607064711216,2.956085321045951,3.1362481074443567,-0.18016278639840566
5.0,3.599222448996844,3.556397151282228,4.4019466712013635,4.09397920856534,4.096338821053678,4.130309096009155,-0.03397027495547711
3.3444752061574547,5.0,3.9405618918207965,3.176798738167058,5.0,4.01756737634,4.092367167229062,-0.0747997908890623
2.567158272064379,3.570977937104267,1.6904082285540143,2.467971414871897,2.477965257794353,2.48503980532799,2.554896222077782,-0.06985641674979215
2.9745957135456607,4.734163189662272,4.349521779214103,4.496330401031997,5.0,4.2441251379447245,4.310922216690807,-0.06679707874608276
4.742468930555484,4.188747517113192,3.2853605951740303,4.856632237235645,3.1100208577727697,3.9696667378366253,4.036646027570224,-0.06697928973359835
2.870559947072561,3.4159129518221274,2.2913390150644246,3.6620250155711664,2.747487042245649,2.9569497555969186,2.997464794355186,-0.04051503875826734
3.381377690292148,3.3863250047216167,3.7810508807407066,3.7866899295990546,4.01789566330228,3.662171245215293,3.6706678337311613,-0.008496588515868542
4.976154422610058,3.3333731288299617,5.0,4.8384551153460675,3.8594067826742613,4.345052329185611,4.401477889892069,-0.0564255607064581
4.007102490354367,4.001098009473434,4.17199708230942,2.7117634261754446,2.7871942942949466,3.4733978886652195,3.5358310605215224,-0.06243317185630293
3.980787827628003,3.2945748772027734,3.2483739730538455,3.2236669759515912,4.112086025773505,3.55115279810418,3.5718979359219434,-0.020745137817763215
4.193022991778662,5.0,5.0,3.703045552077795,3.9735638316927093,4.341514943202661,4.373926475109833,-0.032411531907172275
4.044775140251066,1.8286455647503368,5.0,2.8724994851514696,2.821454307870978,3.128566430879422,3.3134748996047705,-0.18490846872534838
3.0027211734862083,4.358560401525637,4.005158548087022,2.060324446579523,2.6322980106735168,3.0956345978613244,3.211812516070382,-0.11617791820905765
3.143741350151901,2.001042638699018,4.303344374285541,5.0,3.0849129861566773,3.3430620306724754,3.506608269858628,-0.1635462391861524
3.813199695181864,4.376261573215406,5.0,2.95063061421543,2.673106849607634,3.6614979711147018,3.762639746444067,-0.1011417753293653
3.3027307305955573,3.1213440169868423,3.4054355270297525,3.716020320318967,3.1268240472472075,3.327467313802414,3.3344709284356653,-0.007003614633251498
2.612324646329084,4.927909779198459,3.9836877917125117,4.561538144270245,1.4898598874431133,3.224381240830682,3.515064049790683,-0.2906828089600011
3.603538424514372,5.0,4.405452652092254,1.791367881348631,3.480877609135374,3.4586980355447237,3.656247313418126,-0.19754927787340248
3.2085378061130374,3.579208876631195,3.552948093976585,4.905194620609592,4.138674103859161,3.833894060233157,3.8769127002379142,-0.04301864000475719
5.0,3.962451308490607,5.0,4.677536913009424,2.392194163651525,4.063904741096316,4.206436477030311,-0.14253173593399548
3.5504117086072697,3.613288320464539,3.276134548350945,3.815607734015455,3.2778103879544065,3.5005648073206683,3.5066505398785233,-0.006085732557854939
2.6540536394598124,3.159735448245129,3.697984990866583,3.40255350778576,3.4031243397334783,3.243707377944109,3.2634903852181525,-0.019783007274043474
3.313236964296933,2.9488629370604054,3.81622376682993,4.046081095686563,2.9210105008910556,3.379260902650208,3.409083052952977,-0.029822150302769135
4.55854894327586,3.7203957379434005,3.463004067010745,3.245503288532388,3.417580495429888,3.6540451860282737,3.6810065064384565,-0.026961320410182843
4.940049962537881,2.3450450615528284,5.0,4.198269885403957,3.985815648243318,3.9562891037014554,4.0938361115475965,-0.13754700784614116
2.857098434000964,3.4693848018526663,1.8836149200491168,5.0,4.327102529718103,3.320988696085724,3.5074401371241697,-0.1864514410384457
2.5159831837223754,5.0,5.0,3.4047440471479624,3.3870224483056575,3.733447575418306,3.8615499358351997,-0.12810236041689382
2.682221742793805,3.7740551899146717,4.135078578801925,2.353995936912491,2.412830273880357,2.986921678519754,3.071636344460649,-0.08471466594089527
3.5246356923048507,3.7902885999159524,2.257934746387262,3.421461885821717,3.4892081300301774,3.2455424705787217,3.296705810891992,-0.0511633403132703
1.527766204044777,3.0050364167262837,3.736985329261786,2.5571636312260404,5.0,2.9392146991342796,3.165390316251777,-0.22617561711749756
3.321540621487486,2.5698493784459693,2.2742856213751796,2.3345140884041506,3.0161950857705913,2.673927539082975,2.703276959096675,-0.02934942001370011
4.7061411259327794,3.5241507071760423,3.152186786093599,3.8871336426790237,4.762761379450117,3.9551588598519833,4.006474728266312,-0.05131586841432867
2.282123415744424,2.5512603168290937,3.6122634479895095,2.20747238958132,3.3278786247308387,2.740231252722291,2.7961996389750374,-0.05596838625274625
3.551540791648151,3.342979961067121,3.149540230704063,2.264119342643215,4.643092286086521,3.3029414431284483,3.3902545224298146,-0.08731307930136634
2.992292186342066,5.0,4.105822526453814,3.4079009399787967,5.0,4.017595681316493,4.101203130554936,-0.08360744923844265
5.0,3.021108294500336,4.550843846864599,2.297940117673945,2.245049868179274,3.2356280086519265,3.4229884254436316,-0.18736041679170512
3.6213094094564653,3.9232480657375013,3.3054910887165296,2.249351587278009,4.488478929210704,3.4291050155654883,3.517575816079842,-0.08847080051435352
3.2878809844894836,3.4559993093178605,4.107652613094149,4.034878774314464,3.728772256721393,3.7093341563764617,3.72303678758747,-0.013702631211008232
5.0,3.420058981467418,4.632147938748219,3.1789411812604365,2.612525034155971,3.661219736934838,3.7687346271264097,-0.10751489019157168
2.372220407464791,1.8939140546079303,2.709694344620304,3.1798611252127995,3.4010240367432076,2.653937510949655,2.7113427937298065,-0.057405282780151445
2.4926783570648423,3.6411778175231944,3.7696881175166395,4.74377523477162,4.506959344262495,3.739764538226009,3.8308557742277585,-0.09109123600174929
3.941999424222893,2.563766160833651,4.330815477570259,2.6649298536322865,1.4299516267654626,2.782494760160696,2.9862925086049104,-0.2037977484442144
3.0722806629288977,3.6949734909098795,3.959431467976662,2.575184216407514,3.563609518172435,3.334883687196584,3.373095871279078,-0.03821218408249383
2.0991098791682457,3.5071840772117953,4.061779245573771,4.126205391658008,2.853849222869818,3.2310106029585657,3.3296255632963274,-0.09861496033776174
2.9102425320838403,2.3555540678655804,3.2122305233846897,2.644712537003659,3.741548592867887,2.935295074554171,2.9728576506411315,-0.037562576086960675
5.0,5.0,5.0,4.450420672600499,3.3598269034865442,4.511548143147953,4.562049515217408,-0.05050137206945493
4.538149200468003,4.599084991370387,2.668171492306678,4.0525418328892435,4.389989658802868,3.9736626091767597,4.049587435167436,-0.0759248259906764
3.6338545507702733,3.14057900909337,2.4589796591820976,2.7382341495212823,3.234134001233501,3.013506680299744,3.041156273960105,-0.027649593660360683
3.4313313761996285,2.3312502260077697,4.034954380076735,3.812918223015951,4.747838431982672,3.575433630683453,3.671658527456551,-0.09622489677309831
3.866651431913358,3.721786591562079,2.546650847782057,3.8810603081789594,3.75150551400673,3.5110933428155526,3.553530938688637,-0.042437595873084266
3.7014200744076295,4.5030732872065915,4.021593497000198,3.5250852032775053,3.7291844463028263,3.881609202191264,3.8960713016389503,-0.014462099447686505
4.214689171555205,3.6279185401617258,2.9778836996461573,4.805054534979078,2.284821486160156,3.4655828137866074,3.5820734865004638,-0.11649067271385638
2.97260881440227,1.9899922369786764,2.5769287414026065,4.317706184536465,4.647625654383532,3.141341528859133,3.30097232634071,-0.15963079748157671
4.848307801900134,4.4374545574934245,4.4988031202475645,3.7801034078690368,2.0985562473239057,3.7761486043722425,3.9326450269668127,-0.1564964225945702
2.251005973535505,3.516535646403629,4.06930901769284,2.824941262458121,2.174520963919481,2.8792347331539756,2.967262572801915,-0.08802783964793948
2.0985270478642306,4.977400641024449,5.0,4.007152083333325,5.0,4.017340110741262,4.216615954444401,-0.19927584370313856
3.31357308271194,4.808378919769546,3.963202781117972,2.878205445262944,2.8877346845729526,3.499484887606545,3.570218982687071,-0.07073409508052597
2.620990918562126,4.670694395966625,4.591955239627682,2.65821809981196,2.4375020814893276,3.2529399345103602,3.3958721470915436,-0.14293221258118338
4.3279651607455705,1.9955958161972556,4.557663388145463,3.935003505987773,2.857432456835662,3.382236226947329,3.5347320655823453,-0.15249583863501615
2.48036973346389,5.0,2.3509917039835027,2.5581939012543975,4.597977611037575,3.2140125417323526,3.3975065899478727,-0.18349404821552007
4.2841632099377485,5.0,1.82085535203118,3.8205709095407956,1.9809627734606072,3.119056253550935,3.3813104489940664,-0.26225419544313144
1.7316351795339502,4.88283414203101,5.0,2.616645887328959,3.2449970259514673,3.243482258333759,3.495222446969078,-0.2517401886353188
3.7077587822993823,4.450194261141067,3.1821376687705145,2.8610705208492244,4.355498845083259,3.657254427497874,3.711332015628689,-0.05407758813081509
3.9905968782043715,2.85006170569942,3.9192362029274337,3.4311844127084075,3.641704119741968,3.5413467726980814,3.5665566638563204,-0.025209891158239017
4.687323164631635,2.7047584473091777,2.7532918449743007,4.991107550369274,3.075090773803573,3.513921861327819,3.642314356217592,-0.128392494889773
4.020744361629457,2.1302774937361413,2.515841186466918,3.6974306971406,3.367480328345483,3.0600335962757366,3.1463548134637196,-0.08632121718798302
4.329351426051392,1.869365096448681,3.4740410150001217,4.983778853897909,4.514498008963576,3.6326539457088556,3.834206880072337,-0.2015529343634812
4.059668059732602,3.598700478430276,1.953234071946989,2.481457348344968,3.462988340907428,3.0054511430484934,3.1112096598724523,-0.10575851682395898
4.748479387682661,4.441594552974043,3.3627678138335826,4.305445376874222,1.8354852492323246,3.545780658271677,3.738754476119366,-0.19297381784768897
2.939007325783405,3.1031937817439625,3.7910296656285425,2.3397653956849247,3.693650736437605,3.1266479054179954,3.173329381055688,-0.04668147563769276
3.5634718406452173,3.355442490187589,4.148642045866739,2.2949401150542164,3.986427896845241,3.3992012145237727,3.469784877719801,-0.07058366319602838
5.0,4.7874125782978325,4.148479695955482,4.355562206780706,1.769538701444421,3.7737473685375735,4.012198636495688,-0.23845126795811433
3.622986248324764,3.3404358287211293,3.163670760397413,3.2692198584475296,3.6879381585367224,3.410811915790318,3.4168501708855117,-0.006038255095193623
4.417293046890908,2.5247426039875003,2.409673920397424,3.296071447357638,4.170607614440897,3.2621618864243045,3.363677726614873,-0.1015158401905687
4.739779618109626,2.521048437851161,3.608565344254841,4.3076991623672765,3.566983041001645,3.6664356299091607,3.74881512071691,-0.08237949080774909
3.3773285426363926,2.8783721285534103,2.8294826938024578,4.643693821410299,0.8374026542735749,2.545921687639561,2.913255968135227,-0.36733428049566585
4.363627843117572,4.690094693181711,3.6410912037324326,2.2407269186593184,1.753781404199931,3.114046211316267,3.337864412578193,-0.2238182012619263
3.3532210887915976,4.022763984065144,1.6821842789743486,1.5592455680573574,4.050195247027456,2.699293805100372,2.9335220333831806,-0.23422822828280854
3.412946246663573,5.0,3.0276041347507316,3.3742742748083514,3.0001988903381536,3.497081823166189,3.5630047093121617,-0.06592288614597264
3.7355906814775706,2.867714652236902,1.7803645087644302,4.026855299870396,1.4002228269339407,2.548669165981918,2.762149593856648,-0.21348042787472998
3.343630724660698,3.8880024814495915,4.768569383145697,2.9653636345230456,2.3571603725983485,3.36790635268371,3.4645453192754765,-0.09663896659176663
5.0,5.0,5.0,4.468837044701886,3.6628080705847363,4.593923287652556,4.626329023057325,-0.032405735404768876
3.9425005660705654,3.3641789573602727,2.900632424212345,1.6260892280211996,1.9698641487469275,2.6190563355952445,2.7606530648822623,-0.14159672928701772
4.3961469254489405,2.0925297287422255,1.6273183026873617,3.8774136653232394,5.0,3.1084629624681592,3.3986817244403533,-0.2902187619721941
4.405814862019902,3.411248637535543,4.673319858722287,3.8289564189472176,4.426214595933345,4.122262114162913,4.149110874631659,-0.026848760468745958
3.2564421538373027,5.0,3.558373117539169,1.2412189780734337,2.863007234960308,2.902198691291221,3.1838082968820425,-0.2816096055908215
3.7046685558177455,3.0954678145816192,3.884099209253976,4.235593382744057,4.615772148380194,3.8724419657414537,3.9071202221555184,-0.034678256414064634
4.55537206796688,2.607760169485983,2.1807261008076635,4.173225747631588,3.1740203682079655,3.2143624222324227,3.338220890820016,-0.12385846858759342
3.7562170161246553,2.5427784249953085,2.608397482125647,4.557948403389642,3.508554304118544,3.3118153494480778,3.394779126150759,-0.08296377670268118
3.3657098402134875,4.356661377842864,2.683630791313369,4.241182275340185,2.645762605058832,3.3806344376138684,3.4585893779537473,-0.07795494033987893
2.9767654890093436,2.380396229653207,3.2792361128729492,4.878497358773193,2.093718687830161,2.9858926757646267,3.121722775627771,-0.13583009986314432
2.9820799369059925,3.4540132950537608,3.8554638968556993,3.3149467697018444,4.394641471675694,3.5683215850931713,3.600229074038598,-0.03190748894542672
3.2727070594383063,5.0,3.271586648172185,3.940165920938992,2.2480031430187406,3.429173017736929,3.5464925543136445,-0.11731953657671568
1.4357204183887133,3.714528456431662,3.1719317280617276,3.519259054360167,4.415435260478004,3.04750503037767,3.251374983544055,-0.203869953166385
4.143920313042989,2.8702158205013037,3.9820787883172666,4.651834103074642,4.261391400051292,3.9311741940700595,3.981888084997499,-0.05071389092743939
1.5433364449891616,3.3349358359546937,4.09338015096729,3.0861935726675016,3.075133698282137,2.885250119803044,3.0265959405721565,-0.1413458207691125
1.8190289424081125,2.9553092162756616,4.498901906691057,2.7050485274929184,2.5288497343119403,2.7779820115210683,2.9014276654359383,-0.12344565391487006
3.328918015112458,5.0,2.030764686284436,4.096869060874822,3.302010706210026,3.404337850618909,3.551712493696349,-0.14737464307743986
3.5880181638086968,3.2655236868664623,2.4304695261363225,2.9727692050587393,5.0,3.3521679527516164,3.4513561163740443,-0.09918816362242788
4.076193960711844,4.4767432091509685,3.68167981939448,3.7663956628428124,4.714438717391682,4.124048798458737,4.143090273898357,-0.019041475439620648
4.923941654427878,4.141888025459173,3.5565733508740753,2.9995555578051905,3.363540343419421,3.740066417896275,3.7970997863971476,-0.057033368500872594
3.853318800301958,2.473461674901904,2.510810240398907,4.464582921523918,4.070827411176878,3.3704160978391107,3.474600209660713,-0.10418411182160225
2.5703567068094593,3.3196798328356447,1.885502322341454,1.6084276433007967,2.398957805333289,2.283432412715547,2.3565848621241288,-0.07315244940858179
2.589363313828834,3.969370589673355,3.939862489123112,3.59016748477703,4.762023617865497,3.698796102440018,3.7701574990535653,-0.07136139661354735
5.0,4.498177471421631,3.3739101354129226,4.064556194131089,3.384653846040278,4.0154433068587565,4.064259529401184,-0.04881622254242757
4.769084407447077,4.608762821769296,4.758377135511306,3.0410394174896824,3.7826985796347774,4.131049536427657,4.191992472370427,-0.06094293594277023
5.0,3.595918163156584,4.205491809806573,3.2139690496640245,5.0,4.139250004793301,4.203075804525436,-0.06382579973213431
2.000752240684455,2.679109396013721,2.9957592803131847,3.7570537222593967,3.301919589991475,2.8831080197913317,2.9469188458524465,-0.06381082606111477
3.467411185621052,5.0,3.755154898275289,4.143676297767871,2.9879566421130592,3.8130514362357077,3.8708398047554544,-0.05778836851974667
3.613192790254952,4.9437226169670545,3.9185580597379825,4.689254067122069,3.3466571058235166,4.056554353826387,4.102276927981115,-0.0457225741547278
4.111936598743197,4.626094048719034,3.2162966381020226,3.9397597111456237,1.638757489621069,3.306132674182521,3.506568897266189,-0.20043622308366782
3.376982237688203,3.170442100903341,1.9132455243031576,3.1012592980582188,3.689566504936631,2.978424161043877,3.05029913317791,-0.07187497213403304
5.0,3.953868807707953,3.530350831914417,3.302030029886465,1.3614805495565303,3.1573339321808453,3.4295460438130734,-0.272212111632228
2.880829232741782,2.915987081252868,3.555937901852135,5.0,2.910965122210899,3.3701781382468416,3.4527438676115367,-0.08256572936469508
2.5096130973748902,2.9441361962869808,3.8393184074749156,1.8156375854773008,1.9629707682034612,2.517400762226797,2.6143352109635094,-0.09693444873671231
3.1896477993768846,2.377728767053414,3.2722670088108705,3.9200781711227757,3.9284741224124495,3.284388177803552,3.337639173755279,-0.053250995951726665
2.62203317912446,1.4278078844983524,4.372559015813998,4.121814314589771,4.597936442782928,3.1502063681491355,3.4284301673619018,-0.2782237992127663
2.6481657794984343,3.5558643929466522,4.257580901825208,4.611493252978432,4.107308483599032,3.7678224863842997,3.836082562169552,-0.06826007578525228
3.6800304355361093,3.792922189643152,3.323631531391386,3.3124209289704707,3.8559699186376193,3.5854483800813677,3.592995000835747,-0.007546620754379507
3.4709036285517016,3.7346349138033044,5.0,3.912245745776465,2.9038933492645747,3.74466955975537,3.8043355274792092,-0.05966596772383914
3.546269801642846,3.4275968342607,3.9101267564445963,3.075251481920124,2.455310780598465,3.243305735456864,3.2829111309733463,-0.03960539551648212
3.619350476332789,4.510021400809372,5.0,3.3859205378547093,3.3535154721376195,3.920949641938334,3.973761577426898,-0.05281193548856411
2.5646074793368547,2.4335112711532076,3.823483486205262,3.9423270760573565,2.387515788132068,2.9531294054191735,3.03028902017695,-0.07715961475777666
4.715299893512242,4.486281517980586,2.120854872893327,4.9196235411829505,5.0,4.060333755766832,4.248411965113822,-0.1880782093469895
2.7174297994581917,4.038352060896984,3.212613139861184,4.901143435094258,1.2639128853343444,2.9366155851455478,3.226690264128993,-0.2900746789834452
1.9946677167070839,4.7138240217350695,3.8145733734479577,1.7403680252134155,4.215587457756568,3.048160418257714,3.2958041189720193,-0.2476437007143053
2.737414267452094,4.184988472781147,2.6691812793034284,3.0630175403231923,3.1389640496650353,3.116518703910985,3.1587131219049795,-0.04219441799399437
3.240028553568558,3.911237176995471,3.489640974730926,2.1168170633221974,3.735839621533392,3.226584608536272,3.2987126780301095,-0.07212806949383754
3.3335665491639057,4.419345239949724,3.582589160463341,2.9529230146038103,2.9275675110119135,3.4028642338784816,3.443198295038539,-0.040334061160057555
4.3350061506095985,4.313290486447358,3.6704594472482612,4.473929749792389,4.20470349499723,4.189755487020248,4.1994778658189675,-0.009722378798719511
2.0147217817905068,4.843278324681011,3.0835589273999218,2.970540805278277,3.367441393670272,3.131183111780805,3.2559082465639975,-0.12472513478319236
2.875926868040942,2.657015469503224,3.1506857243206974,3.9760463647219795,4.36850536182359,3.344046161840098,3.4056359576820867,-0.06158979584198887
3.678951508735219,3.6640771990061145,3.406399248619389,5.0,3.5914683159671905,3.830409926353575,3.868179254465583,-0.03776932811200773
3.7042375970337824,2.904563903238459,5.0,3.342015978200393,2.1522389025774125,3.2925301075856295,3.420611276210009,-0.12808116862437968
3.9526751085714618,4.3617068672487,3.8621472491190803,3.968698874741418,2.9019031408087024,3.7752133182244076,3.8094262480978722,-0.03421292987346458
1.6717771313158973,1.7148883998316329,3.535402533466995,2.208357821384134,4.190255462934798,2.4798911072187506,2.664136269786691,-0.1842451625679402
1.2248857572154717,2.8168182075434967,4.598320234010447,2.408685481699405,4.789730491735078,2.8347121021402466,3.167688034440779,-0.3329759323005326
2.953178877229143,2.8549318333183646,2.54659994448145,2.899370097185836,1.6985661742283338,2.540074588317675,2.5905293852886255,-0.050454796970950344
4.706929911311337,3.0332058380689952,3.558814800954049,1.0652506278190494,3.8034854093050017,2.9021223060278327,3.233537317491687,-0.3314150114638541
4.108699073516594,4.467939911108791,4.001178378922165,3.063548910491027,3.5025435105154235,3.79595963572912,3.828781956910801,-0.03282232118168116
1.6803470746178402,3.9366445135557493,4.206388069345138,3.8280636612429864,3.242425906913909,3.21852397443849,3.3787738451351244,-0.1602498706966342
3.5681170281510766,1.9591315795336395,4.071279962037571,3.585736275692432,2.328922044404889,2.986712309681869,3.1026373779639216,-0.11592506828205273
3.7583792414138673,2.101869913819443,3.7068289104301324,4.301675474207019,4.1699994768782345,3.500068338299133,3.6077506033497393,-0.10768226505060641
4.038910553750506,2.7199878229212398,4.110497950544454,4.292676309905124,4.540494597601139,3.880711764504757,3.940513446944493,-0.05980168243973605
3.177702976303672,2.7601878747892012,3.5706029072400605,1.8002885431723123,4.2008956768244206,2.9846643800500665,3.101935595665933,-0.11727121561586662
4.935284313004462,4.86776049485872,3.187044698058371,3.3631808460575447,4.028106904262637,4.01029340797269,4.076275451248347,-0.06598204327565682
5.0,4.376805842889751,3.0074743820314405,3.8763187145305658,4.115971525216402,4.020168093408157,4.075314092933632,-0.055145999525475276
2.6126155990784463,5.0,3.896127664624191,2.061772041770131,4.7900758094623015,3.469383800875187,3.672118222987014,-0.2027344221118268
1.6187893785876966,3.6751276766866905,4.096984207527202,3.160633902216113,1.0311110744287513,2.3988403349208576,2.71652924788929,-0.3176889129684324
3.6705387546631956,4.022196142416921,3.474336882088209,4.263850794374609,4.472719726781367,3.9635809635715122,3.98072846006486,-0.01714749649334779
4.636833792373107,1.6752872653108914,1.8881748880422613,3.1564884077772946,1.5865921399165208,2.3615900270231083,2.588675298684015,-0.22708527166090686
2.317622821721051,3.7237462957383287,4.39216618490968,2.1001724597851306,3.005950707158428,2.990802149677657,3.1079316938625237,-0.11712954418486676
5.0,2.5936079163951113,3.227852529139517,3.79785514377567,3.6171870610726957,3.564014607783411,3.647300530076598,-0.08328592229318721
3.491588191050031,2.717280390464913,4.991499304105028,2.8967762509206274,2.722630354436518,3.269327471645684,3.3639548981954235,-0.09462742654973955
5.0,3.610194354511944,2.249921033284261,3.7731585538706995,2.617393136616292,3.3162584948425766,3.4501334156566394,-0.13387492081406283
1.6098794156847074,5.0,4.285495437166,3.216458075889452,2.573365682821861,3.098337745171824,3.3370397223124044,-0.23870197714058028
4.06019778315351,3.56733430098248,4.706061653856591,3.6395671148930013,4.2389796240134405,4.021350563960731,4.042428095379805,-0.021077531419073203
2.643068474815548,3.347071148754239,4.513211125753117,2.524623353952665,4.452262122958414,3.391620611529405,3.496047245246797,-0.10442663371739203
4.132571287397714,3.168617535359565,5.0,2.671560197495886,4.3194747411734165,3.7640138827205685,3.8584447522853162,-0.09443086956474778
3.2230164545787177,2.9030365138899845,4.111633474586297,4.3206732104225125,3.6011993147561334,3.59273842325958,3.6319117936467293,-0.0391733703871493
1.6328553738578995,3.687404056617793,3.0800057386754744,3.0531840187719435,4.888202077359045,3.0791044493618385,3.268330253056431,-0.18922580369459263
4.131580713035109,4.712742266601625,2.7943142025145686,3.6460982503163946,3.4643794135801826,3.6933783329674195,3.7498229692095757,-0.05644463624215623
5.0,3.37461487996239,4.369366781089143,4.617073382389854,4.1708833100241804,4.27013404367066,4.306387670693114,-0.036253627022454715
3.5186536318657553,4.996920155548389,3.4388527019610233,2.706624078491549,4.076869581474494,3.6715500457511805,3.747584029868242,-0.07603398411706142
2.043938258034532,3.149277991815987,3.4580421415161373,3.5172198157306074,3.9394789557686596,3.1465125604070128,3.2215914325731845,-0.0750788721661717
4.0337424079257485,3.9115240033480423,4.415405378378698,3.611245224672071,2.314588393895291,3.572984226391202,3.6573010816439706,-0.08431685525276844
3.294823708115759,1.6302657971829226,2.605827501397037,5.0,3.68038295813649,3.0351478784894774,3.2422599929664413,-0.20711211447696387
5.0,3.2753351371866435,3.998857744276219,3.6802550573284036,3.278141089146104,3.797811914152037,3.8465178055874745,-0.048705891435437465
4.433187097375188,2.379649459199971,3.8416965598294297,3.0570551807330717,1.8893612929728758,2.977652956071326,3.120189918022107,-0.14253696195078103
3.9797279738447457,4.04469259203693,3.7396688002494667,2.6876546332174356,4.307930794750284,3.7037600710436847,3.751934958819773,-0.04817488777608814
4.607254484046027,4.783596618122074,3.844908451834383,2.766563838136636,3.0826869180854524,3.7307021214896103,3.817002062044915,-0.08629994055530466
4.489146253381538,4.216929651273497,4.1784716420708286,2.740278167347044,2.3237941319827913,3.470835047616203,3.58972396921114,-0.11888892159493691
4.165540961746373,3.135557709454125,2.6343458908133246,2.5570551933455254,2.859797804870395,3.0209733019415954,3.0704595120459484,-0.049486210104352946
4.397067321168215,4.420829980847124,3.0464502824661297,4.014820384073707,4.417400089990377,4.02030290542391,4.05931361170911,-0.039010706285200314
4.091499496382542,0.6192285839537459,5.0,4.765796465906483,4.008540923458502,2.9975405226535985,3.6970130939402543,-0.6994725712866559
4.853626752289658,3.408249538418357,3.2659197062230385,2.8681835492751793,3.8783983193444365,3.5956095297184616,3.6548755731101346,-0.05926604339167296
2.905473958361188,4.949200216403257,3.3578674286229884,4.9803436231820575,2.993211903399534,3.7277129778027374,3.837219425993805,-0.10950644819106747
2.7508659110617226,3.0644393477271645,2.4221382435696235,3.0344353909909003,2.907896095255724,2.8257597290759655,2.835954997721027,-0.010195268645061706
3.0103194662718775,2.999302564623746,2.75122454351075,3.072886925198532,4.017785147460047,3.142956992754631,3.1703037294129905,-0.027346736658359738
4.211356584810959,3.5533008216954416,2.859550767458824,2.847914295889659,3.7315978557140737,3.4005934247298866,3.4407440651137917,-0.040150640383905145
2.7627119732728973,2.8964837385170723,3.2255812453299306,4.304679018591733,2.873247668836156,3.1682956806465135,3.2125407289095578,-0.04424504826304432
3.5007047899030703,2.7175530756172184,2.8297903973472645,2.9158768384008944,2.765181185403737,2.933027347301232,2.945821257334437,-0.01279391003320507
3.1110272921063595,3.4559930437360253,3.526760593497689,3.4616743460259127,5.0,3.6595001966649017,3.7110910550731973,-0.05159085840829558
3.297795434925959,2.7026340593377975,4.333767727335763,3.482161912061238,2.0583708157157705,3.0792846222119183,3.174945989875306,-0.09566136766338751
2.6168896629763285,3.5997533397244865,3.3521255341301526,3.0966106016678294,2.2462161754668575,2.9399728185849026,2.9823190627931306,-0.04234624420822808
3.17239441274719,4.0594199523893675,3.8832587872315796,2.9949625175781938,2.9703481492710164,3.3857060356032553,3.4160767638434693,-0.030370728240213918
2.5307972055090873,2.597396435145955,3.2388712801334747,2.7252020558014385,4.860013308050743,3.090616282243273,3.1904560569281393,-0.09983977468486627
3.93070680518953,3.8860481288458817,4.5006855143756805,3.172548021060331,2.716693405163843,3.585430142597324,3.641336374927053,-0.05590623232972902
3.7471155150756106,3.1471917986199083,3.1442123464193745,5.0,4.521009227651844,3.8429745802768407,3.911905777553348,-0.0689311972765072
4.812935943273055,2.525765266695868,4.893506194807472,4.942696148204865,4.286491278942498,4.169632831410451,4.292278966384751,-0.12264613497430066
3.9526579233474366,3.4123013958070247,4.488824495515156,2.6750454737581357,2.75222656730411,3.387013427682662,3.4562111711463728,-0.06919774346371099
4.838629905645932,4.473664598293745,2.536255438603208,4.222139278904521,2.3112645941936707,3.5139227351817746,3.6763907631282144,-0.16246802794643989
2.382705253648292,2.1143912326959793,3.419037547741011,3.089468468710311,4.6558939105629555,3.011683135195782,3.1322992826717098,-0.12061614747592797
3.9076645437748887,3.9403177324791154,3.4724298806029426,3.8681937715432633,3.745665522357351,3.7828911363158553,3.786854290151512,-0.0039631538356568186
1.4036136990051897,4.779655195128056,4.923005348962735,2.524873674581266,2.959795168076704,3.0093670182033474,3.3181886171507897,-0.3088215989474423
3.1980943062541987,3.5190113286981584,4.740576543171285,1.9595821691674482,4.218230361680146,3.3797717638788027,3.5270989417942475,-0.1473271779154448
2.95978458596122,3.3753280252603703,4.377483241665601,2.2991902695592654,2.789104541668989,3.087223400673615,3.1601781328230887,-0.07295473214947368
3.3801038471596327,3.9569395978329127,4.065191621949173,4.643339168045274,3.61000218710556,3.907884070926056,3.93111528441851,-0.023231213492454383
3.5920911050510624,4.021230294924266,3.5669864950213346,4.4517822123616435,3.45284527664717,3.7996514203753784,3.8169870768010954,-0.017335656425716994
3.901926340354752,3.168337927893346,3.0608661062425795,3.674738713040548,3.1331042450094904,3.371562703423455,3.3877946665081433,-0.016231963084688328
4.417835045946877,2.810039404595673,3.8062946438556016,4.468585931662715,5.0,4.024508839492447,4.100551005212173,-0.07604216571972611
3.8754933285466233,3.1460654292849632,3.561217728757201,3.702881788817345,5.0,3.8110147056509405,3.857131655081227,-0.046116949430286436
2.0784326484528783,1.8561675252158052,4.046940206545866,4.547855902094776,3.3113801186360643,2.980294142765057,3.1681552801890778,-0.18786113742402089
3.2996554047780644,4.08522983232,3.9501837002812374,4.136117275308894,3.8117043127056456,3.844172649453081,3.8565781050787686,-0.012405455625687623
4.430743030831104,3.8026008606251858,1.3798145247722586,1.0076135419541967,5.0,2.5925575367700096,3.124154391636549,-0.5315968548665393
3.8545983342206456,3.1753922563780823,5.0,4.045106253260843,3.446771961205864,3.8567172475608973,3.9043737610130878,-0.04765651345219046
5.0,3.1004318477842543,2.107727584582565,2.217199206356355,2.888668063024888,2.9116676781971838,3.0628053403496125,-0.15113766215242874
3.377454701774966,4.707780590417462,3.9466493385693675,2.359105625239408,3.4040572562525333,3.4711685803389467,3.559009502450747,-0.08784092211180017
5.0,2.524754213930949,2.6248333220871,1.5517073173439948,3.1466179530039446,2.765597239425527,2.969582561273198,-0.20398532184767104
4.226613476518846,2.5549662457045823,4.465795091213629,4.332472476663892,4.8683016672987645,3.9946428590860634,4.089629791479942,-0.09498693239387901
4.000506549751,4.676699366771096,4.9601769690122515,3.9854805991905677,2.550616694275131,3.9349163238882143,4.034696035800009,-0.09977971191179424
5.0,2.950105249181216,4.305208905737325,4.12879517205128,4.393410634074374,4.095296742720341,4.155503992208839,-0.06020724948849843
3.503187621642811,4.120926140526834,3.7138272251225226,3.678181278738871,4.489232224820891,3.8852326082215005,3.901070898170386,-0.015838289948885365
3.3520569192537777,4.48335667375331,2.152972942832938,4.9148166725577775,3.708231143769335,3.581999108136194,3.7222868704334275,-0.1402877622972336
1.4919100339706715,4.028859510555987,2.7093362200679354,2.842219490182616,1.535184273240317,2.3459629957441686,2.5215019056035053,-0.17553890985933673
2.0777356404695837,3.791134068898292,2.3476490184835566,3.4672703777023646,3.0099914588284715,2.8648976738153262,2.9387561128764537,-0.07385843906112743
2.892207137678218,4.164585253631577,2.377104325850336,2.859122816321145,3.639390817434221,3.1247996682913404,3.186482070183099,-0.061682401891758776
1.889861801966054,5.0,4.120336326351857,2.552369344736137,4.646461358649985,3.4109842466475344,3.6418057663408065,-0.23082151969327214
3.848597718317981,3.8471833855293105,2.9815035224410185,4.129236597059386,3.447228869172365,3.627806577316131,3.650750018504012,-0.022943441187881053
2.7103196316659353,1.7662544984093296,3.0522788748143608,5.0,2.9116033443667697,2.9211916011481245,3.088091269851279,-0.16689966870315454
2.990506111698056,4.012531435472528,3.889181452899554,5.0,2.8732087951652527,3.6751215544825646,3.753085559047078,-0.07796400456451336
2.431555301078827,4.263355344212331,4.95661339933601,2.417896569692624,3.6949370337102754,3.40700756705155,3.5528715296060143,-0.14586396255446443
5.0,3.1621314691284947,3.064375135110313,3.8433693593565126,3.895466113992612,3.733470139172365,3.793068415517586,-0.05959827634522119
2.9744839874346063,2.4212921892309955,4.448531689627572,2.3921419698067923,1.0458902288070373,2.4031988986231143,2.6564680129814007,-0.25326911435828636
2.9883700154125963,4.005085650391865,3.5472508113617782,2.9324871200730995,2.751589657570168,3.213302199690536,3.244956650961902,-0.03165445127136568
2.284132823948369,3.768475344817031,3.47378045192423,1.8901771125333398,3.1752857448757807,2.8235464895434688,2.9183702956197504,-0.0948238060762816
3.720579203864489,4.9436664705338265,1.2543781618906928,1.784253786233342,3.3648979653716964,2.681040321868254,3.0135551175788096,-0.3325147957105554
2.687308162631175,3.1232848112434173,1.911974250914828,3.446224111765365,3.1468467574025025,2.806247957034825,2.863127618791458,-0.05687966175663295
3.4391168635997738,1.3563826401684569,3.3509492008052124,3.8214389728641485,4.93492460470944,3.1181779074037133,3.3805624564294066,-0.2623845490256933
5.0,2.6215327632603374,3.118117056087734,3.790468927471656,3.6481699427375816,3.5517070892434446,3.635657737911461,-0.08395064866801638
5.0,4.471231152555658,2.832996410705221,3.5827437442836163,2.648786086672609,3.5956810130187673,3.7071514788434206,-0.11147046582465325
3.5650780955959767,3.9357921345545965,3.4193304649259777,4.410930087525839,2.3802576411523413,3.4708774822005055,3.542277684750946,-0.07140020255044055
3.2848609306432595,4.105983339926374,3.573145676819805,2.7652179171133913,2.500995071348286,3.1956957000119,3.2460405871702234,-0.05034488715832319
2.2965938733077644,5.0,3.8825831002674165,4.541211416218164,4.079429921504077,3.8316800060288334,3.9599636622594843,-0.12828365623065086
4.2106415141414635,1.7568558835908488,3.096207157014768,2.545662973138239,3.8458558908764036,2.9521720595865775,3.0910446837523446,-0.13887262416576718
3.5481638545338074,2.2748665979707523,3.5354591808928246,3.4922779357490397,2.850784835966975,3.095250010709246,3.14031048102268,-0.045060470313433854
3.685938963741286,4.46495510289246,2.989933995892142,1.6298976509346215,4.489298219957497,3.245436568588499,3.452004786683601,-0.20656821809510184
4.5683855037947865,1.844073106738202,3.382563454248238,4.680018450927925,3.8772398233934005,3.4890838959301083,3.6704560678205107,-0.18137217189040244
5.0,2.431700112492157,2.057699528726795,3.1664681593037303,3.865004440767302,3.1419366191895683,3.3041744482579967,-0.16223782906842832
3.5346587227887047,4.6180815885746895,3.4030893822243975,3.215153835877641,5.0,3.8919821655669886,3.9541967058930867,-0.06221454032609808
2.1711228039683634,5.0,3.1788941817263003,3.4154579392923217,4.498260954376368,3.506588550803617,3.6527471758726704,-0.1461586250690532
2.526429647131411,3.521183563010432,3.0925742906366107,5.0,3.1726389217138746,3.3727281207403434,3.462565284498466,-0.08983716375812234
0.8647607400643924,3.657733887777721,2.677811598202946,5.0,3.3663716607326437,2.6965223919945562,3.113335577355541,-0.41681318536098466
4.235070727043743,2.9713786831311086,2.4347301045466345,3.277663528352802,3.364486765061563,3.2044281475110825,3.25666596162717,-0.0522378141160873
3.80390202447655,3.7275189372533886,3.580392605522879,3.9121523641990747,1.7660405510506987,3.2284885679932835,3.358001296500518,-0.1295127285072346
5.0,3.1213815534734977,3.404046721433749,2.5988906365811175,4.595201309685109,3.6348038927989608,3.743904044234695,-0.10910015143573437
3.0785129911687057,4.293671425878537,3.283592647390512,3.783932796443522,3.315662187712619,3.5253850026561606,3.5510744097187787,-0.02568940706261813
5.0,2.6479389191727862,1.981065680083324,3.5766555913864155,2.7669984552917195,3.0398529542159185,3.194531729186849,-0.15467877497093063
4.665124017646965,3.2031014113740786,2.065879470474618,3.497222873719621,1.639776263601034,2.8158489453002513,3.0142208073632633,-0.19837186206301194
3.928988212573927,2.2850233683522374,2.6853716321386547,5.0,4.007500217714822,3.441944518013413,3.581376686155928,-0.13943216814251524
4.239435332501059,4.571428393452429,4.748308974443202,2.6620067088105763,3.4057733030386963,3.8394123539060003,3.9253905424491924,-0.08597818854319206
3.632900290615876,3.240788592538239,4.980827944882562,4.265728713155806,5.0,4.163262467239086,4.224049108238496,-0.060786640999410224
3.4210898403726735,5.0,3.6538656650333703,4.000460689910845,2.9991551345760645,3.7583671160530625,3.814914265978591,-0.05654714992552856
2.7874091571030526,2.8876004977529632,3.062755700385232,3.7252790295357574,3.8927645142147687,3.2408089199462933,3.271161779798355,-0.03035285985206171
2.820996431315166,3.9202365171926687,1.4556077927297122,2.256324811490802,4.497417951456869,2.770925244672921,2.990116700837043,-0.21919145616412194
4.7378090426592525,3.1707897856603116,3.293922648369315,2.535651774250211,3.664482910424142,3.408098531610298,3.4805312322726465,-0.07243270066234864
3.7957493697707014,2.5327722186243897,3.458692170651293,3.1193689983576247,2.8456527633673327,3.1189674753207424,3.1504471041542685,-0.031479628833526174
2.7729807494919574,3.3262891148980356,2.5483935404186164,2.2547204921529787,1.6878701286410551,2.4565240299749385,2.5180508051205286,-0.06152677514559013
3.4725780569736124,4.310031768776126,4.101611882029226,4.311254023219003,3.2427832462872925,3.8611948365197137,3.8876517954570518,-0.026456958937338015
4.7501135846752724,3.3415884571171093,3.5059453469286455,2.9915979310812046,3.294665122222346,3.5304927192217126,3.576782088404916,-0.046289369183203366
2.9245539225503343,4.896619521644616,3.958418843303399,3.322440773185838,1.5502986445296785,3.1122184334177145,3.330466341042773,-0.21824790762505852
1.9131084763661566,2.3506547900841284,3.083620260593861,3.274040821012004,3.9150528205187993,2.8181377100317926,2.9072954337149897,-0.08915772368319708
2.7005364119886166,3.779155522174724,1.6040393839659848,4.522012570074201,4.453055317050597,3.188672651359688,3.411759841050825,-0.22308718969113706
3.5004607547429503,1.6814450262897689,3.964758270335201,4.541601278598577,1.242489548444126,2.6540265889161683,2.9861509756821247,-0.33212438676595646
2.810588439382642,3.2222312259150487,2.2796123261321632,5.0,1.2795239063284436,2.6556245363399373,2.9183911795516595,-0.26276664321172216
4.646137062993866,3.361699557695214,3.9246820401390203,4.518016131120102,3.5666534321297947,3.9713011013620427,4.003437644815599,-0.03213654345355632
3.619153195233415,3.814265584366978,4.607118466946024,3.5120107857547556,5.0,4.0700020151025695,4.110509606460235,-0.040507591357665795
3.769155714033115,3.3299863546881285,1.8414340164466076,4.221324388073173,3.4921474229156315,3.209791319893437,3.330809579231331,-0.12101825933789367
3.1306905495540556,3.1619051141392225,4.198924047261819,5.0,5.0,4.011745744229969,4.098303942191019,-0.08655819796105035
2.2911379954688114,3.259494125504187,3.472651439135081,4.174347730146746,4.46261881100841,3.441978965376577,3.5320500202526475,-0.09007105487607037
1.3063093033211906,4.413854969462838,4.931306680055409,2.565386345913387,3.694497667909329,3.0627168886954386,3.3822709933324306,-0.3195541046369921
2.6799280903541876,2.8629671307588844,4.4158586391399295,2.799247309468642,0.7401221641404163,2.3402371482571818,2.699624666772412,-0.3593875185152302
3.837752084168673,3.289926643248932,3.5396568624848017,3.524472941542765,3.7277143527918337,3.578921890501428,3.583904576847401,-0.004982686345972986
2.6500676816736735,4.875264600108029,2.9060840553992073,4.800913126628333,3.1631318238057626,3.557958626360871,3.6790922575230014,-0.1211336311621305
3.9388975782549003,4.611480815947469,4.390584907075157,5.0,2.832075064644014,4.079082112634572,4.154607673184308,-0.07552556054973536
4.3568211813131805,3.8105913528935296,5.0,4.94003047230551,4.308936191978807,4.461145229532987,4.483275839698206,-0.022130610165218556
2.5169794414689237,3.611945754819289,3.4562375599305333,2.6531317272082,2.177864625319721,2.830106855757391,2.8832318217493333,-0.053124965991942386
2.2718863346971157,2.5701443156663806,1.9476189871344132,3.105204522652414,4.437441550728917,2.7479839570545668,2.866459142175848,-0.11847518512128108
2.204953654709944,3.3964635804619174,2.906685970773713,2.6926069657278853,3.721780060843224,2.9359566740524268,2.984498046503337,-0.04854137245091028
3.0452499293801676,4.855045318673737,3.2730086418981577,1.914675616683325,3.442592283471921,3.167734947407619,3.306114358021462,-0.13837941061384296
2.689263280149573,3.963103672470516,4.066922120271052,5.0,2.8520472909994483,3.6158655002988715,3.7142672727781174,-0.09840177247924586
1.562519512745778,2.8828267246938677,3.5735980801707874,3.2709910169236576,2.350073191475847,2.6212116346392054,2.7280017052019874,-0.106790070562782
1.5241117354057176,3.5298585157051052,2.584740879417904,1.522038994161638,3.560674445725283,2.3737218787975354,2.5442849140831294,-0.17056303528559402
3.328297338798396,3.9398583751009006,0.1,3.873797152167623,4.064591527552134,1.8321933490620244,3.061308878723811,-1.2291155296617866
2.485722389586693,3.4903114910446926,3.2365167395999204,3.777337866271045,2.6717055448014384,3.0936688081356114,3.1323188062607583,-0.03864999812514691
2.3028750806868814,3.9727939647231683,3.411391648421743,4.50570349080678,5.0,3.710275200247222,3.8385528369277147,-0.12827763668049252
5.0,4.390139162104894,4.143666191421275,1.644522521838409,2.7524420668976566,3.3336362740199785,3.586153988452447,-0.2525177144324684
3.7272310708893523,3.679882055889268,4.64718759194603,4.5485281273472715,3.0952142043495283,3.895779815089591,3.93960861008429,-0.04382879499469894
5.0,4.116552375120642,4.139055090567496,2.0054356929550083,2.373167401219712,3.3234442208967496,3.5268421119725715,-0.20339789107582185
3.3293601219672864,4.205430051449969,3.2864060639257167,1.3161803672639554,2.9399762343706866,2.819099001258182,3.0154705677955227,-0.19637156653734067
4.289779069904846,3.8701425290674276,3.4350037804385365,2.3197440285463706,4.294332014643525,3.5553712626537286,3.6418002845201416,-0.08642902186641299
4.685174379469648,3.3724052908717983,5.0,4.151929548687894,2.8433813064179403,3.9259441863416997,4.010578105089456,-0.08463391874775628
4.808921134602542,5.0,4.604409592612396,1.372371001147759,2.899176780366801,3.3789951460100682,3.7369757017458993,-0.3579805557358311
4.169223373433017,3.80757553188112,2.9756217061182473,5.0,4.634542637644434,4.053700505574042,4.117392649815363,-0.06369214424132075
3.9744855470438605,2.718917702119362,4.620495060340053,2.3527049431710596,3.9305647910348123,3.410967518793918,3.519433608741829,-0.10846608994791129
5.0,4.772952937826831,3.2382901475528896,3.1123525442835995,3.1803129708249163,3.773343237475266,3.860781720097647,-0.0874384826223813
1.2757399026895127,2.052321382632347,3.0141466025222137,3.6094000290740804,4.572277957621804,2.6481824592424426,2.904777174907992,-0.25659471566554926
5.0,2.6528973386316927,3.895561763608564,2.2004738772914822,4.802485722760921,3.527350113559666,3.7102837404585323,-0.18293362689886639
1.8943772659188438,3.9318671823990767,3.008247941132686,4.035092105490064,2.293084023853007,2.906233283959067,3.0325337037587357,-0.12630041979966844
3.703819561135359,3.701685392093531,4.377556076430651,4.527317257245507,4.426155306051138,4.13075773147629,4.147306718591237,-0.016548987114946456
2.488924641153856,2.8276995285831594,2.9742938812750324,5.0,4.761552727590219,3.463454585623878,3.6104941557204535,-0.14703957009657564
2.7202919641343692,3.557992251580998,3.0950357490367932,4.156728258025172,4.8219149213118655,3.594938562497566,3.6703926288178392,-0.0754540663202734
2.4454344579368454,1.8190885805708918,3.5338804740378107,3.244733739617383,3.8571200196259516,2.8759464137094617,2.9800514543577763,-0.1041050406483146
3.129668818906336,3.566223082271552,2.6853707686389803,3.0144508140694226,4.226415402541813,3.2838121532520947,3.32442577728562,-0.04061362403352531
4.688166588912174,2.459859905988993,1.954061788998434,2.7967776852205093,3.543517145658893,2.9497746375558376,3.0884766229558003,-0.1387019853999627
2.3463572669961215,2.3977942361265407,2.5599725453761186,3.7923568116498267,3.7198258677671276,2.894507188460009,2.963261345583147,-0.06875415712313826
3.5621918445099725,1.971354878054668,4.029119297968918,3.9775477759159283,3.4105581799205713,3.287203738313304,3.390154395274012,-0.10295065696070793
3.7193040878084562,2.9515759823474665,2.829559653025534,3.66153800851194,2.66307220042755,3.135134660585047,3.165009986424189,-0.029875325839141986
2.338242914083705,4.679593691820907,5.0,3.63926422653652,3.9050516564849738,3.785660206386562,3.912430497785221,-0.12677029139865903
4.1425026333454165,2.67490379098101,4.326150812640261,2.7757847754160436,3.4008099697557084,3.397255057343497,3.464030396427688,-0.0667753390841912
3.464546827882438,2.9389825775765384,2.448005756616466,2.494067221747085,4.20208311958946,3.0437272683392935,3.1095371006823975,-0.065809832343104
2.4857265024669553,2.832827692346437,1.7633843605084145,2.0147522922019885,4.002630030374276,2.5125662332181626,2.6198641755796146,-0.10729794236145196
4.99019197462423,4.225179644902213,3.0931921619279854,3.5616117281292308,2.588476727257449,3.5959366667730426,3.691730447368222,-0.09579378059517962
4.673904897608116,4.006388091118767,2.131629894305241,2.941282122775279,3.6035581844833198,3.3518346202804987,3.471352638058145,-0.11951801777764626
2.7103265070245257,2.937187026805334,3.7895695015262825,3.219422391166576,2.3078833521854465,2.9519362960455897,2.9928777557416333,-0.04094145969604357
3.346602264045267,3.093026046937127,2.748676262376696,2.1383142638380086,4.173339946466031,3.0264486737060965,3.099991756732626,-0.07354308302652957
4.524287107993987,4.629172344844238,3.8693187833176124,2.36152400933358,4.671899743440692,3.89291373163476,4.011240397786022,-0.11832666615126186
3.9311035227557785,3.7986352500565035,5.0,4.5894972244196115,5.0,4.433732006825209,4.463847199446379,-0.030115192621170017
4.130357746046623,3.759869318699147,4.50894975861167,4.030900058849358,3.346224986164585,3.9358505276954596,3.955260373674277,-0.01940984597881723
1.3586876021376146,2.8346919192589857,1.8036777633854424,1.5355629040219358,5.0,2.215156473124824,2.5065240377607956,-0.29136756463597147
4.624630713972594,3.766660750233169,3.2150343110274804,3.8223727005863495,2.402292123930093,3.4852633965170883,3.566198119949937,-0.0809347234328488
3.4151073050938043,3.140269657469185,4.2464790106057375,4.129234479344058,0.6057548737336798,2.578180671379659,3.1073690652492933,-0.5291883938696342
3.319619154924668,5.0,2.284180670898449,4.686385385962408,3.744056987727332,3.669389667998657,3.8068484399025713,-0.1374587719039142
2.1450297206564413,1.1029066500730274,5.0,2.954985315076213,3.3238854285348913,2.5883838966877075,2.905361422868115,-0.3169775261804073
4.739598992397995,3.6499720883312823,4.679302303714872,3.8132091666932246,2.620058749016906,3.815599477454769,3.9004282600308557,-0.08482878257608695
2.7478349514072344,2.832002819516899,2.409077952658687,4.044359930689641,1.250620091256335,2.485318631753308,2.6567791491057595,-0.1714605173524517
3.5572227569024513,3.579993672689415,1.8137302842375764,4.559424131258454,4.633756200655506,3.4489098280024346,3.6288254091486807,-0.17991558114624606
4.5229325340132736,4.449063683321066,3.9732466269343982,4.618855795169129,3.422567647428069,4.171998464253117,4.197333257373186,-0.025334793120069143
2.9462794773781824,4.545890352071644,2.86374318141597,4.072136740776518,1.948477956930061,3.1381157819753587,3.275305541714475,-0.1371897597391163
1.5986839568110267,3.5135496631291527,4.114512580683986,4.087634457981587,2.8008959846566333,3.051541130893438,3.2230553286524772,-0.1715141977590391
5.0,4.279597235160124,4.9742886638679655,2.2360300837008227,2.531894854458815,3.597538406550079,3.804362167437546,-0.2068237608874668
3.978484889882581,4.731160928756765,3.4781875058146783,1.5303349366345025,3.390226182778941,3.2078253729162265,3.4216788887734935,-0.21385351585726697
2.781493575966839,2.408358211994954,3.6211421612325947,3.018002061336172,3.978700840575639,3.1107213319275395,3.1615393702212398,-0.05081803829370024
4.089311572963042,2.948078248935043,4.445043656209029,3.376650282345507,3.5720665118564465,3.6483304823073985,3.686230054461814,-0.037899572154415306
2.626747722966702,3.4809148230988574,5.0,2.8447274998845296,3.1877348241522596,3.3382658878761826,3.4280249740204694,-0.08975908614428674
3.074970267938876,3.7334064403947864,3.033029382977119,3.4169162171489256,3.1955890080412326,3.280965108575644,3.290782263300188,-0.009817154724543808
4.386703016194712,2.059265074277852,3.1612582521707253,4.581877269920717,3.7440561953388576,3.451590418476648,3.586631961580573,-0.13504154310392513
3.545338978069179,4.508794336372855,3.5879420932106254,4.65577645206915,3.8645699097072805,4.006188507835858,4.032484353885819,-0.026295846049960936
3.8438375977523336,2.336912648777548,2.447394432091968,2.6795936171431447,1.0543223164149,2.2836564098994265,2.472412122435979,-0.18875571253655243
2.910695433909542,3.5989688365562715,3.8539168201967553,2.308543886563771,4.452028608424854,3.3388326660250334,3.424830717130239,-0.08599805110520542
2.93321651481763,3.4077119103391613,4.829481379156536,5.0,3.1660111363757113,3.772575903187045,3.8672841881378077,-0.09470828495076278
2.4668441895738615,3.250508208829679,3.2068291030197944,2.4402497030455907,5.0,3.157291025833867,3.272886240893785,-0.11559521505991821
5.0,3.0635893205148754,4.313261347154919,2.979827439349383,3.2916280426757827,3.6502418390442797,3.729661229938992,-0.07941939089471228
3.904812801757614,5.0,3.9348416850431365,4.662065095824301,4.344125127009335,4.34906230188278,4.369168941926877,-0.020106640044097013
4.753500483036265,2.260346594367497,4.023747259276663,2.7551996594996506,3.439602910910388,3.3303979576756624,3.4464793814180923,-0.11608142374242991
3.397437385866303,2.9629393067322587,4.331684675444955,3.741289952315044,4.202683079724699,3.6916099863294023,3.7272068800166522,-0.03559689368724994
3.8056897830514886,4.462232351115062,3.2234661353655096,4.333380923717467,2.2539778463590143,3.5125056980872618,3.615749407921708,-0.1032437098344463
3.2638436352977225,4.921521265779592,4.316548131311597,3.8110390426993277,3.629831229876583,3.948017106814739,3.988556660992965,-0.040539554178225856
4.9923063652717525,1.3563218698617483,5.0,3.82861853913313,5.0,3.650305561018169,4.035449354853325,-0.38514379383515607
4.2240072568682905,4.3095423798122034,4.197533069823231,1.3885582227273545,2.749333930001218,3.111632542661164,3.373794971846459,-0.26216242918529487
2.7399370241054806,2.8096141020497303,3.061298184472303,2.9519583839023027,2.7337563702355174,2.8564891942032826,2.8593128129530667,-0.002823618749784096
4.12508259464587,3.4666746160447137,1.7587513971391333,3.0593202721681885,4.267020489422322,3.1861041734117994,3.335369873884045,-0.14926570047224574
2.5796455154574573,3.5700669392852125,4.782010194258796,5.0,2.69997948046912,3.5878598582832044,3.7263404258941173,-0.13848056761091287
2.9592722935508182,2.9171666547485002,3.028740499733944,4.535477036799703,5.0,3.5859170738971096,3.688131296966593,-0.10221422306948336
4.318258198962587,1.6586468685054259,2.78881862867961,4.358359091659961,3.540950235272376,3.146191320205483,3.333006604615992,-0.1868152844105091
3.634358226223757,3.2736039367157574,2.7165804259162933,3.728343672089357,3.3782015913947347,3.3261021786455567,3.3462175704679793,-0.020115391822422612
3.6116820593389574,4.48636763972538,3.1379381931686314,3.857655118714049,4.718758887608701,3.9199451334643274,3.962480379711144,-0.042535246246816705
4.2781178036253,2.705150748715492,3.632985494585039,2.199026255499918,2.9800162525501612,3.0763191181574947,3.1590593109951817,-0.08274019283768697
3.540752443012261,5.0,2.576514671713248,3.1402637286238773,5.0,3.7239759106263097,3.8515061686698773,-0.12753025804356755
4.763394250226017,2.509231740135441,3.909941507532901,4.6806453528399645,3.261957730555555,3.7211941134287994,3.8250341162579757,-0.10384000282917638
2.794880869879879,1.8189813477176124,2.732100871974491,3.5089439981011417,2.4024382775626414,2.5924082239358923,2.651469073047153,-0.05906084911126053
2.863479147898884,1.9997967835099437,5.0,3.582217762427993,3.9306802069775153,3.3196623881860434,3.475234780162867,-0.1555723919768237
2.4825689568330573,3.1549189217676057,3.011337603905888,4.012389324768101,2.959417738235205,3.0863961027030204,3.124126509101971,-0.037730406398950755
1.027100996115725,2.228718951956939,4.914662865331185,4.977970827411815,3.7894967933543997,2.9198410891384023,3.3875900868340123,-0.46774899769560996
2.1377054533459896,3.2868745135688315,2.9130591872204814,4.215558285725216,3.285581902307027,3.093923268944893,3.1677558684335088,-0.07383259948861598
3.5981027708809434,1.7156453611428741,4.837805632223835,3.011518788572076,2.7792648245682687,3.0169839622646837,3.1884674754775997,-0.171483513212916
2.9628412730445945,2.299029501575708,2.577744253009522,3.289804693926297,3.872786560409116,2.9507830979809038,3.0004412563930476,-0.04965815841214383
1.934612175432152,3.655133673071194,2.9510785018596,3.832772454854915,4.338183060012063,3.221512129239603,3.342355973045985,-0.12084384380638191
4.484677618202717,3.274332473697187,2.935822371372916,2.725791888615932,2.699170334024813,3.164181254878617,3.223958937182713,-0.05977768230409586
2.960217140256849,3.953836311942064,3.258931643519712,3.9236793517628583,1.7951927976809514,3.0608667409537946,3.178371449032487,-0.1175047080786924
3.7586409078143936,2.3314044771082454,4.666726898240772,3.573271359924957,3.5369114000867423,3.488752860420009,3.573391008635022,-0.08463814821501314
1.320928994772557,3.1793371659602507,3.8282659602355724,3.658413005587859,4.114890521880465,2.997601075196918,3.220367129687341,-0.22276605449042286
3.834085471025984,1.9192728511252117,3.7908321035939436,3.237605453870612,1.5671550019899414,2.692612063842887,2.8697901763211386,-0.17717811247825166
2.2224645842155657,1.3797895399484332,3.6997281448566635,4.951866035919595,3.9499399791738163,2.9460178834268476,3.240757656822815,-0.2947397733959676
3.638002593352009,3.532887231183129,2.552616772563289,2.355749330171343,3.9188657130994335,3.135115687892196,3.199624328073841,-0.06450864018164504
3.7670701378089064,4.06288516495884,1.2602728554417122,3.6806597183930982,2.824424190617048,2.8868996331722174,3.1190624134439213,-0.2321627802717039
5.0,3.0444984281606455,3.7564758456267286,5.0,2.8110551248923827,3.810843773639918,3.922405879735952,-0.1115621060960339
4.655232466455213,3.8249865844971334,3.568571743108301,1.8351158773095193,3.9122188181875917,3.4027533515691197,3.559225097911552,-0.1564717463424321
3.6165978304145194,2.3518643453997097,2.6665191090693723,2.589830548737947,5.0,3.1158727129505888,3.2449623667243097,-0.12908965377372095
4.996458510164169,2.6676012458294185,2.044658685682306,2.8483244612855465,4.537704620606238,3.2312156240305625,3.4189495047135354,-0.18773388068297292
2.972804781321355,4.757278281879949,2.767050415948385,5.0,4.256830635262951,3.8381299874463757,3.9507928228825278,-0.11266283543615208
5.0,2.7421178980958487,5.0,3.307059079586415,2.3499789811906937,3.5099943121225827,3.679831191774592,-0.1698368796520091
1.3422149128906775,4.459517919085191,3.1795307166218882,2.692543491856682,3.2843577249641154,2.787515145381572,2.991632953083711,-0.20411780770213905
2.0645494997795155,2.8693219268518098,3.2233862806490317,2.5670257738005477,4.271690043644135,2.911986641732148,2.9991947049450083,-0.08720806321286023
1.4515965757478777,2.3725357305941173,2.6605451206714172,3.7820131965258583,2.7193478475660444,2.482238034587832,2.597207694221063,-0.11496965963323102
3.328970824647945,4.79250535943005,4.127452648702476,4.269145965659886,3.9252954710911134,4.060257811827667,4.088674053906295,-0.028416242078627363
3.7080583557578226,3.237236105276271,4.113061713677773,5.0,3.281359640508622,3.8168228155704336,3.867943163044098,-0.05112034747366456
2.687995134582521,4.208237297849161,4.789972143491894,3.2480314350701693,2.357540423040752,3.3387831403671706,3.458355286806899,-0.11957214643972858
3.009552847403411,1.9664411773190305,3.863881771197109,2.7728925923013366,1.4572364076548743,2.47248670337759,2.614000959175152,-0.14151425579756216
2.742404042567101,2.2559401754843735,3.504601157322234,4.9638647308757236,4.259054978995002,3.406011897767478,3.5451730170488873,-0.13916111928140928
4.084780491321269,4.215672924668888,2.972658984419634,2.262538485096452,2.1500770470773856,3.0147141833419338,3.1371455865167257,-0.12243140317479195
3.4055309937273934,2.1631483104106923,4.2986550352492685,3.3373607880412917,3.86053469251972,3.327598113356322,3.4130459639896733,-0.08544785063335114
4.046696535662171,4.2917727038305,2.678483358945064,2.333853569701957,4.989257808472768,3.5216579412088715,3.668012795322492,-0.14635485411362037
4.11312316898691,4.383697990183908,4.749883866575163,2.2953005902828685,3.302609577602789,3.6515598848047945,3.768923038726328,-0.1173631539215334
4.677288510685622,3.9251242416264502,2.7242775353663404,3.964122864808253,5.0,3.9741403958539263,4.058162630497333,-0.08402223464340652
2.066601019549792,0.3593552590567404,5.0,3.1681681592526547,3.5282769475379347,2.1068048436363735,2.8244802770794246,-0.7176754334430511
2.566373253430332,5.0,4.003735990315054,5.0,2.8800101174351753,3.7482094813738907,3.8900238722361125,-0.1418143908622218
3.068145594999325,3.9503497032526265,3.7558123668391743,3.9384947679835625,3.2361542360048965,3.5703843981232803,3.589791333815917,-0.01940693569263674
3.4594197275610914,2.675510878421223,4.085364413363508,2.394882105803039,5.0,3.3976527038340834,3.5230354250297724,-0.12538272119568905
2.5716502046136807,2.211596849334992,1.8396534558036253,3.7755811244463597,3.610291245720163,2.6967207984760195,2.8017545759837637,-0.10503377750774412
2.682252510533795,5.0,3.27894962674753,3.739264590616052,3.790960324437087,3.621996023282146,3.698285410466893,-0.07628938718474698
4.88280113999979,4.93777060595443,3.2748105446813747,5.0,1.2376703285964785,3.449786531105788,3.866610523846415,-0.416823992740627
2.3816213820162586,4.340445537711925,2.9781068954385814,3.732142434396023,4.542657102868509,3.4956109891699723,3.594994670486259,-0.09938368131628694
3.2947195032590737,5.0,3.636028455332383,4.145400714999635,3.0430291993454404,3.7640698357259454,3.8238355745873065,-0.05976573886136105
1.970504748748688,3.7308666949495466,2.7391821770080496,4.2908153947592345,3.5050105049921556,3.1350715560777793,3.247275904091535,-0.11220434801375578
3.164961093828682,4.512329555693661,3.1300383648330397,1.9607162073610132,3.998011469498674,3.2278662003117966,3.353211338243014,-0.12534513793121738
2.9582100261708764,3.474273775884574,2.314149580719933,3.5279082420831083,1.3434397635869564,2.572787931846517,2.72359627768909,-0.15080834584257286
3.5872371448399853,3.5712215460592214,1.6877055646665642,3.716766534388281,3.443144990798201,3.0789230245953485,3.201215156150451,-0.12229213155510266
4.4638595741384055,3.1740669670155697,2.788896957490701,1.9733253203351402,2.775212423725793,2.931236092116512,3.035072248541122,-0.10383615642460997
3.8763125826526226,2.0413477315434294,4.353356442930194,3.608776731726811,2.081936959265443,3.038068205033538,3.1923460896237,-0.154277884590162
5.0,2.046309157224801,4.524113657877578,2.948316524284909,2.1204662141239883,3.106676587789086,3.3278411107022547,-0.22116452291316868
2.788774767003989,5.0,4.157636894972665,2.7311014086561274,3.731430161817903,3.5833450474446273,3.681788646490137,-0.0984435990455097
2.9028985295793404,4.097240321822837,3.806467917771454,4.638995988661694,3.9039871007686626,3.826093401074525,3.8699179717207977,-0.043824570646272765
3.883697839350861,2.213335510257884,3.868972671484309,2.5842299540393343,5.0,3.362311155878607,3.5100471950264778,-0.1477360391478708
1.2946106527429264,3.6039266203841174,1.8826488157324046,3.986697931686214,2.5363699953635557,2.453025562048597,2.6608508031818436,-0.20782524113324685
4.444503352574282,4.17662164400393,3.3337554890028267,1.846435429725602,3.8421303566663942,3.3767403500626183,3.5286892543946076,-0.15194890433198927
1.1317663777275464,2.7852562237687253,3.258509293468514,4.072818500755784,3.119740456809385,2.649298449888131,2.873618170505991,-0.22431972061785999
3.2718573040985994,5.0,4.964630292342789,5.0,3.649532367449007,4.306968536544648,4.37720399277808,-0.07023545623343175
4.1659225970278655,2.9610361420067024,1.5551408727292442,1.6626761281901434,3.012328492172064,2.49187886342406,2.671420846425204,-0.179541983001144
3.7019794177767253,2.645295377632952,2.4740071467701648,2.7131644498241436,3.5086958239168933,2.9688358941589543,3.008628443184176,-0.03979254902522156
3.226689085195714,3.006103172218377,3.4146423530702834,3.8146452949383423,2.908812317788481,3.2587813134413994,3.27417844464224,-0.01539713120084052
4.104801438313402,3.4631975958524492,3.8019429401404956,3.3195530849317922,4.244571566713773,3.7699683108602495,3.7868133251903826,-0.01684501433013308
2.5017184887714343,4.303925489251646,3.834593711234753,3.2233300799672757,4.223090817341692,3.5477380673821166,3.6173317173133603,-0.06959364993124373
2.0591854492562245,5.0,5.0,2.880732937254791,3.6249255958715203,3.5163128915580617,3.712968796476507,-0.1966559049184453
4.539497026120818,3.347015542539049,4.408710226246,5.0,4.129590868599525,4.247866017768052,4.284962732701079,-0.037096714933026576
3.8395725223439388,3.6098390730411665,4.245189832053174,3.250282297520069,4.537267364020619,3.8696942943491286,3.8964302177957935,-0.026735923446664867
4.173347670043046,1.995499982356581,4.3648900379700315,3.493870595461459,2.591839831766544,3.1877548519982137,3.3238896235195328,-0.13613477152131903
2.8246703086873084,4.087197226195904,3.8695346489258284,3.1339494156936563,4.04289287547554,3.5527713927388946,3.5916488949956475,-0.038877502256752905
3.557447485376347,4.035102187830855,2.6281300077087053,0.713849816030729,4.915898616630851,2.656867705724517,3.170085622715497,-0.5132179169909801
3.869568162838239,3.0580149035309145,4.594668570279859,1.8216766052655218,4.90635392021622,3.4460159913185033,3.650056432426151,-0.20404044110764774
1.8851304912489146,3.0849670907838056,5.0,3.180687746778819,1.1565969310449216,2.545968381670226,2.861476451971292,-0.3155080703010662
4.092162428531997,3.72835928925029,2.3175099556732848,2.789710366218543,4.127723844742715,3.326230916830594,3.411093176883366,-0.08486226005277198
2.9913511335130147,3.0756290163486124,3.6142911308018224,2.9200595120656043,5.0,3.445380859113784,3.52026615854581,-0.07488529943202638
2.702422847077455,3.3715911083198895,5.0,3.791219443606779,2.883386059968162,3.462964066518678,3.549723891794457,-0.08675982527577908
2.5095415559331498,4.952790506342433,2.9799329270801964,3.6817570493768335,1.3872223664400076,2.853450937957918,3.102248881034524,-0.24879794307660585
3.5485356660758702,3.628184049959935,5.0,3.6507438350751733,4.345941464671799,3.99792593662782,4.034681003156555,-0.03675506652873484
5.0,4.492627972576641,5.0,3.6021917728015893,3.867275184016984,4.3539403454909165,4.392418985879043,-0.038478640388126095
2.855868907814794,2.1438066826897355,3.1137411615187385,3.915876248225422,3.3166835112591464,3.0112573796566755,3.069195302301567,-0.057937922644891504
2.5131933585532953,3.6805522455945985,1.5537768970780523,2.44267697977389,3.639700047930028,2.6381035406135767,2.765979905785973,-0.12787636517239642
4.437398257216733,3.807257374382785,5.0,4.220106986604547,2.947548085595079,4.020675299227052,4.082462140759828,-0.06178684153277647
5.0,4.322579663523514,3.2246325774652442,3.3107327546280616,4.013814528357221,3.9204411111422477,3.9743519047948075,-0.053910793652559796
2.769697325037739,2.2446411931917556,2.5440322838883507,3.069146298670444,2.6148086372326595,2.6345829202957187,2.6484651476041896,-0.013882227308470885
3.7169953409807346,3.432397333248796,2.0492763154217624,2.840564235428185,4.145396061112991,3.145372950886692,3.236925857238494,-0.09155290635180169
3.094497777651566,5.0,2.665736584629147,3.4014607100271808,3.123645940700115,3.375521934509114,3.4570682026016017,-0.08154626809248766
4.696825872280826,4.702943276470262,4.80621808083536,2.947576428926128,3.8973241663944194,4.142302927011552,4.210177564981398,-0.0678746379698465
